comment, label
Sá»‘ng á»Ÿ VN lÃ  pháº£i thÆ°á»£ng tÃ´n PLVN  chá»© ko Ä‘á»ƒ bá»n Vá»‹t TÃ¢n nÃ³ lÃ´i k:Ã©o lÃ m háº¡:i Äáº¥t NÆ°á»›c QuÃª HÆ°Æ¡ng mÃ¬nh dc
NhÃ¬n miá»‡ng máº¯t mÅ©i lÃ  biáº¿t bÃ  nÃ y hung dá»¯ rá»“i
ChÃ­nh quyá»n ngáº­m tiá»n Ä‘Ãºt lÃ³t bÃ  Háº±ng nhiá»u quÃ¡ hay sao khÃ´ng dÃ¡m Ä‘á»¥ng Ä‘áº¿n báº£ váº­y ta.
Chá»‹ bá»‹ Ä‘iÃªn náº·ng lÃªn Ä‘i khÃ¡m hÆ¡n Ä‘i há»p
Tháº¥y máº¯c Ã³i Ä‘áº¹p con me gi
Tháº§n kinh rá»“i
Tháº§y MT ko liÃªn quan .tá»¥i mÃ y vÃ  tá»¥i nÃ³ lÃ m gÃ¬ thÃ¬ lÃ m .Ä‘á»«ng lÃ´i ngÆ°á»i tu vÃ o .
em Ä‘áº¹p láº¯m em
Vá»«a ra tÃ¹ ra Ä‘Ã£ liÃªn láº¡c vá»›i Má»¹ sá»£ tháº­t  Ä‘Ã£ cÃ³ viá»‡t tÃ¢n tÃ¬m Ä‘áº¿n kinh Ä‘iÃªu vÃ£i ...
Tá»± mÃ¬nh lÃ m khá»• mÃ¬nh. Tháº§y Minh Tuá»‡ khÃ´ng nÃ³i gÃ¬ Ä‘áº¿n ai
Con háº±ng Ä‘iÃªn.  Má»¥ Ä‘ang ghen tá»‹ vá»›i tháº§y MÃ¬nh Tuá»‡. ÄÆ°á»£c nhiá»u ngÆ°á»i yÃªu máº¿n tháº§y
Chuyá»‡n Ä‘Ã³ liÃªn quan gÃ¬ tá»›i tháº§y minh tuá»‡ nÃ³ cÃ³ tá»• chá»©c gÃ¬ thÃ¬ lÃ  chuyÃªn cá»§a nÃ³ bÃ  lÃ  cÃ¡i gÃ¬ mÃ  rÃ©o tÃªn tháº§y minh tuá»‡ ai sai thÃ¬ bÃ  bÃ¡o cÃ´ng an báº¯t tá»¥i nÃ³  bÃ   bao nhiÃªu tuá»•i rá»“i mÃ  ai nÃ³i bÃ  cung tin váº­y
chi mÃ£i Ä‘á»‰nh. máº¥y con lÆ°Æ¡n Ä‘ag mÃ¡u quÃ¨ dá»“n lÃªn nÃ£o kkkk
NÃ³i ngÆ°á»i ta khÃ´ng cÃ³ gÃ¬ mÃ¬nh vÃ´ tu t30 ba nÄƒm lÃ  con háº±ng
Con khÃ¹ng Ä‘áº¹p nhÆ° con Ä‘iÃªn
BÃ  náº§y bÃ  Ä‘iÃªn náº·ng láº¯m rá»“i
NgÆ°á»i nghÃ¨o tá»›i xin tiá»n .vÃ´ tÃ¬nh biáº¿n thÃ nh viá»‡t tÃ¢n .ka ka nghe bÃ  áº¥y fan cá»§a bÃ  ta .mÃ  giá» ra nÃ´ng ná»•i
"Chi cá»© yÃªn tÃ¢m chÄƒm sÃ³c cho báº£n thÃ¢n vÃ  gd ,cá»© song vui sá»‘ng khá»e  la Ä‘Æ°á»£c rá»“i .Chuyá»‡n vá»‹t TÃ¢n gÃ¬ Ä‘Ã³ Ä‘á»ƒ Ä‘á»™i ngÅ© An Ninh chÃ­nh phá»§  lo vÃ  báº£o vá»‡ .Chá»‹ cá»© lo cho Äáº¡i Nam cá»§a gd chá»‹ lÃ   Ä‘Æ°á»£c rá»“i .  Tháº§y Minh tuá»‡  luÃ´n nÃ³i Tháº§y chá»‰ la cÆ° sÄ© Ä‘ang há»c  vÃ  tâ€¦ "
Ra tÃ¹ mi khÃ´ng sá»£ Ã 
Con nÃ y sao mÃ  nÃ³ tháº§n kinh quÃ¡ váº­y trá»i
"Máº¥y anh Ã¡o xanh Ä‘ang Ä‘Ã¡nh dáº¥u há»i , vÃ  khi cÃ³ cÃ¢u tráº£ lá»i thÃ¬ cÃ³ Ä‘á»©a  Ä‘i tÃ¹"
Cá»© bÃ¬nh tá»‰nh nha quÃ½ vá»‹ Thá»i gian tráº£ lá»i nha quÃ½ vá»‹ cá»© tá»« tá»« Ä‘á»«ng nÃ³ng nha quÃ½ vá»‹ kkk
ThÃ­ch quÃ¡ Tháº£o TiÃªn Æ¡i 
CÃ¡c o im máº¹ nÃ³ Ä‘i. Viá»‡t tÃ¢n thÃ¬ Ä‘á»ƒ chÃ­nh quyá»n há» Ä‘iá»u tra.chÆ°a Ä‘áº¿n lÆ°á»£t cÃ¡c o bÃ  nÃ³i.ToÃ n nháº£m nhÃ­
"Con khÃ¹ng, tá»± hÃ o mÃ¬nh Ä‘áº¹p,,chá»‰ cÃ³ nhá»¯ng ngÆ°á»i khÃ´ng biáº¿t máº¯c cá»Ÿ má»›i nÃ³i váº­y, mÃ¬nh lÃ m tá»« thiá»‡n Ã¢m tháº§m Æ¡n trÃªn cÅ©ng biáº¿t, mÃ¬nh cÃ³ Ä‘áº¹p khá»i cáº§n khoe ngÆ°á»i ta váº«n tháº¥y, mÃ  tá»± hÃ o vá» sáº¯c Ä‘áº¹p quÃ¡ thÃ¬ ngÆ°á»i ta sáº½ nÃ³i lÃ  VÃ” DUYÃŠN,,"
"Äáº¹p váº¡y mÃ  Ã´ng yÃªn ko xÆ¡i ,, nÃªn ná»—i Ä‘iÃªn cuá»“ng loáº¡n"
Uong thuoc thÆ°á»ng xuyÃªn nha chi ..
ChÃºng ta hÃ£y cá»• vÅ© cho chá»‹ Háº±ng Ä‘i nÃ o.Ä‘á»ƒ chá»‰ dÃºp máº¡nh Ä‘á»i khÃ³ khÄƒn ná»¯a tiáº¿t lÃ m chi hÃ£y cho chi áº¥y má»™t trÃ¡i tim 
Con nay nhiÃªu thÄƒng qua nÃªn bi Ä‘iÃªn
Kháº©u nghiá»‡p cá»§a bÃ  nÃ y náº·ng láº¯m
CÃ´ háº±ng Æ¡i nÃ³i cÃ¡i gÃ¬ pháº£i cho chÃ­nh sÃ¡t pháº£i cÃ³ chá»©ng cá»› Ä‘Ã¢u Ä‘Ã³ háº³n hoi rá»“i má»›i lÃªn tiÃªn bá»‘ nhÃ© chá»© Ä‘á»«ng má»™t chÃºt Ä‘á»‘ ká»‹ ganh tá»‹ mÃ  lÃªn phÃ¡t biá»ƒu nhÆ° Ä‘Ãºng rá»“i coi chá»«ng cÃ¡i quáº£ bÃ¡o nÃ³ Ä‘áº¿n lÃºc nÃ o khÃ´ng hay tháº­t Ä‘Ã¡ng sá»£ chá»‰ nghe phong long nhá»¯ng káº» chá»‘nâ€¦ 
NÃ³ lÃ  con khá»‘n náº¡n nháº¥t tráº§n Ä‘á»i t Ä‘Ã£ tháº¥y
MÃ£i yÃªu quÃ½ CeoNPH cÃ´ng Ä‘á»©c vÃ´ lÆ°á»£ng 
"Con nÃ y nÃ³ muá»‘n háº¡i tháº§y, nÃ³ cá»‘ háº¡i chá»© tháº§y khÃ´ng nghe khÃ´ng tháº¥y"
Con Háº±ng Ä‘ien nÃ³i xÃ m suá»‘t ngÃ y mÃ  cÅ©ng cÃ³ nhiá»u ngÆ°á»i tung hÃ´ theo ná»‹nh bá»£
BÃ  pháº£i Ä‘áº¹p gÃ¬ bÃ  lÃ  há»“ ly ngÃ¡o Ä‘Ã¡ mÃ 
"Nhá»¯ng chuyá»‡n gÃ¬ chá»‹ Háº±ng mÃ  nÃ³i lÃªn ca cÃ´ng Ä‘Ã´ng máº¡ng Ä‘Æ°á»£c biáº¿t lÃ  nhá»¯ng chuyá»‡n Ä‘Ã³ cÃ³ thÃ¢t, chÃ­nh sÃ¡t Ä‘Ã³ nghe má»i ngÆ°á»i, chá»‹ Háº±ng nÃ³i chuyá»‡n Ä‘Ã³ nhÆ° váº­y lÃ  khÃ´ng Sai Ä‘Ã¢u Ä‘Ã³ nghe má»i ngÆ°á»i, má»i ngÆ°á»i nÃªn bÃ¬nh tÄ©nh láº¡i mÃ  si nghÄ© cho kÄ© Ä‘i rá»“i háº£ Ä‘á»‹nh tÃ´iâ€¦ "
CÃ¡i nÃ y Ä‘áº¡o diá»…n lÃ  cá»§a bÃ  NPH VÃ¬ bÃ  muá»‘n ná»•i tiáº¿ng nÃªn sÆ°u táº§m táº¥t cáº£ kháº¯p nÆ¡i trÃªn tháº¿ giá»›i Ä‘á»ƒ cÃ³ chá»§ Ä‘á» mÃ  nÃ³i vá»›i má»i ngÆ°á»i
"Cuá»™c chÆ¡i phÃ¡p lÃ½ thÃ´i chá»‹ háº±ng Æ¡i, quáº¥t cho háº¿t bá»n máº¥t dáº¡y Ä‘i"
Con nÃ y cÃ ng ngÃ y cÃ ng máº¥t dáº­y lÆ°u manh vÃ´ cÃ¹ng!
1 khi Ä‘Ã£ bá»‹ Ä‘iÃªn thÃ¬ ko thá»ƒ quáº£n Ä‘c 
Sao lÃºc nÃ o cÅ©ng tháº¥y bÃ  khen bÃ  Ä‘áº¹p váº­y .bÃ  cÃ³ bá»‡nh khÃ´ng váº­y
chá»‹ háº±ng Ä‘á»‰nh cá»§a chÃ³p
LuÃ´n yÃªu thÆ°Æ¡ng PhÆ°Æ¡ng Háº±ng
CÃ´ Háº±ng mÃ£i tuyá»‡t vá»i chÃºc cÃ´ má»™t ngÃ y vui váº» háº¡nh phÃºc 
NgÆ°á»i ta treo hÃ¬nh kÃªu giáº£i cá»©u Ã´ng minh tuá»‡ vÃ  lÃ  chá»©ng minh á»•ng lÃ  Viá»‡t tÃ¢n sao lÃ m gÃ¬ cÅ©ng pháº£i cÃ³ báº±ng chá»©ng chá»© khÃ´ng pháº£i láº¥y bÃªn Má»¹ chá»¥p hÃ¬nh Ä‘Æ°a lÃªn lÃ  nÃ³i ngÆ°á»i ta lÃ  Viá»‡t tÃ¢n
"tá»‘t nháº¥t chá»‹ khÃ´ng nÃªn mamg nÃ³i linh tinh ná»¯a Ä‘i chá»‹, chi cáº§n tháº­n lÃ¢n nÃ y chá»‹ lai Ä‘i tiáº¿p nhe"
May Ä‘Æ°ng khung qua con quy khung Ã´ng minh tuÃª co vi ma giai cÆ°u  co cÆ°u ba khung
Äáº¹p  nhÆ°  con há»•  váº­y
suá»‘t ngÃ y khoe Ä‘áº¹p Ä‘á»ƒ tá»± ngÆ°á»i ta nháº­n sÃ©t
"Äi bá»‡nh viá»‡n tÃ¢m tháº§n chá»­a em Æ¡i , náº·ng láº¯m rá»“i"
ChÃºc PH bÃ¬nh yÃªn vÃ  HP 
"Sao chÃ­nh quyá»n khÃ´ng ai lÃ m viá»‡c vá»›i ba PH nÃ y , Ä‘á»ƒ cho ba long hÃ nh váº­y trá»i! Nhá»‘t ba nÃ y láº¡i Ä‘i"
NgÃ y trÆ°á»›c sá»‘ng Ã¡c tháº¥t Ä‘á»©c nÃªn sau nÃ y cá»‘ gáº¯ng bá» tiá»n ra Ä‘á»n bÃ¹ láº¡i tá»™i lá»—i nhÆ°ng khÃ´ng Ä‘á»§ phÆ°á»›c Ä‘á»©c nÃªn bá»‹ nghiá»‡p quáº­t
Tháº¥y gá»›m Ä‘áº¹p gÃ¬
Sao tá»± lÃ  mÃ¬nh dáº¹p nhá»‰ chÃ¡n bÃ  nÃ y láº¯m luÃ´n
ChÃºc chá»‹ Ä‘i luÃ´n nhÃ© tháº¥y chá»‹ em ngá»©a máº¯t
"Miá»‡ng bÃ  náº§y ghÃª tÆ¡n quÃ¡, khÃ´ng láº½ tá»• chá»©c nÃ o bÃªn Má»¹ chá»‰ ai lÃ  thÃ nh viÃªn cá»§a há» lÃ  Ä‘Ãºng hay sao? Náº¿u phÃ­a Ä‘á»‘i láº­p dÃ n dá»±ng, lÃ m má»™t sá»‘ viá»‡c xáº¥u vÃ  báº£o  há» lÃ  thÃ nh viÃªn cá»§a ai Ä‘Ã³ thÃ¬ khÃ´ng cáº§n Ä‘iá»u tra thÃ¬ xÃ¡c nháº­n viá»‡c Ä‘Ã³ lÃ  sá»± tháº­t hay sao?  36 káº¿ â€¦ "
Con nÃ y nÃ³ khÃ¹ng náº·ng láº¯m rá»“i. ÄiÃªn hÆ¡n nhá»¯ng con Ä‘iÃªn
Con khÃ¹ng Ä‘iÃªn cuá»“ng
Con Ä‘iÃªn
BÃ  náº§y liÃªn há»‡ vá»›i viá»‡t tÃ¢n   rá»“i Ä‘Ã³ sao mÃ  nhÃ¬n máº·t mu náº§y ghÃ©t quÃ¡
Äáº¹p mÃ  pháº£i tá»± mÃ¬nh khen mÃ¬nh váº­y sao ?
Em xinh thÃ¬ Ä‘á»ƒ ngÆ°á»i khÃ¡c khen em Ä‘á»«ng tá»± khen nghe chá»‘i quÃ¡
LÆ°á»¡i khÃ´ng xÆ°Æ¡ng nhiá»u dg láº¯c lÃ©o
Giáº£i cá»©u Ã´ng ná»™i máº§y thi cÃ³ con Ä‘iÃªn
BÃ  bá»›t kháº©u nghiá»‡p Ä‘i tháº§y Ä‘i tu rá»“i Ä‘á»«ng Ä‘á»¥ng cháº¡m tá»›i tháº§y ná»¯a tá»™i lá»—i láº¯m Ä‘Ã³
CÃ¡i má»“m háº¡i cÃ¡i Ä‘áº§u ...tháº¥y ko muá»‘ng xem ná»¯a ..lÆ°á»›t nhanh ..
NhÃ¬n bÃ  ngoáº¡i gáº§n giá»‘ng má»¥ phÃ¹ thá»§y rá»“i
CÃ³ cá»§a khÃ´ng chá»‹u huá»ng rá»“ quÃ¡
Táº¡i sao bÃ´ cÃ´ng an khÃ´ng báº¯t bÃ  Ä‘iÃªn nÃ y Ä‘i
"BÃ  im má»“m nhÃ©, cÃ´ng dÃ¢n viet nam thÃ¬ Ä‘á»ƒ chÃ­nh quyá»n Viá»‡t Nam  xá»­ trÃ­,bÃ  ngá»©a miá»‡ng má»›i  má»›i nÃ³i báº£ viáº¿t tÃ¢n nÆ¡i báº£. Sao báº£ kg bÃ¡o chÃ­nh quyá»n,bÃ  cÃ²n giá»›i thiá»‡u dÃ¢n xem kÃªnh pháº£n Ä‘á»™ng  bÃ   Ä‘á»©ng lÃ m máº¹ thiÃªn háº¡ ná»¯a"
Tai tháº¥y dÃ¢n trong nuoc ngoai nuoc yeu kÃ­nh thay quÃ¡ chá»­i báº£ quÃ¡.báº£ tá»©c chá»› j
Hay qua PH máº£i Äinh Tmt ko lÃ  gÃ¬ cáº£
"BÃ  mÃ  cá»© cá»‘ Ã½ du khÃ´n Äá»©c tháº§y Minh Tuá»‡ lÃ  ngÆ°á»i cá»§a Viá»‡t Tan thÃ¬ tÃ´i nghÄ© ba ráº¥t sá»›m Ä‘i vÃ´ tu láº¡i vÃ¬ qua bao khÃ´ng chÆ°a má»™t ai. Vá»‹t Tan, vá»‹t xim gÃ¬ Ä‘Ã³ tÃ´ chá»©c muá»‘n giáº£i cá»©u Äá»©c tháº§y Minh Tuá»‡ thÃ¬ cÃ³ liÃªn quan gÃ¬ tá»›i Äá»©c tháº§y. BÃ  lÃ  CEO gÃ¬ mÃ  Ä‘Ã¢u Ã³c Ä‘Æ¡n giáº£n quÃ¡ váº­y?"
Con Ä‘iÃªn quÃª quÃ¡ lÃ m bá»™ chu chÃ©o Cho Ä‘á»¡ quÃª
Pháº£i tháº§y minh tuá»‡ nÆ°á»›c nÃ o cháº£ Ä‘Ã²i giáº£i kiu vá» nÆ°á»›c nÃ³
Con Ä‘iÃªn Ä‘i vÃ o bÃ³c lichi
"Chá»‹ Háº±ng xinh Ä‘áº¹p , thÃ´ng minh tuyá»‡t vá»i. Minh Tuá»‡ báº£o cáº£ nÆ°á»›c Ä‘i tu má»¹ cÃºng dÆ°á»ng  tháº±ng Má»¹ nÃ³ cho bao bom Ä‘áº¡n, giáº¿t bao Ä‘á»“ng bÃ o mÃ¬nh.   nghe váº­y lÃ  chÃ¡n rá»“i  lÃ  ai  Ä‘i bá»™ bao lÃ¢u mÃ  tÃ´n thÃ nh Pháº­t sá»‘ng . U mÃª  ngu muá»™i mÃ   KhÃ´ng Ä‘Ã¡nh rÄƒng sá»£ vi khuáº©â€¦ "
Con nÃ y rá»“i sáº½ bÃ³c lich tiáº¿p
NhÃ¬n em nhÆ° con Ä‘iÃªn Ã­
Ai lÃ m gi chá»‘ng phÃ¡ thi cÃ³ cÃ´ng an báº¯t  cÃ´ Ä‘Ã¢u pháº£i cÃ´ng an Ä‘Ã¢u mÃ  noi ra rÃ£ hoai vÃ¢y cÃ´ khg bit mÃªt nhg  nhÃ¢n dÃ¢n cá»§ng mÃªt  con mong sao cho cÃ´ng an vÃ o cuÃ´c sá»›m tráº£ lai binh an cho  nhÃ¢n dÃ¢n moi nguoi  cáº§n nÃªn lÃªn tiÃªng cho  noi cho cÃ´ng an vÃ o cuÃ´c â€¦ 
Ra ráº£ nhÆ° cÃ¡i loa phÆ°á»ng..
Äep mÃ  bá»‹ bá»‡nh náº·ng mÃ  k biáº¿t
Con ngÆ°á»i lÆ°Æ¡ng láº¹o
Xinh cÃ¡i gÃ¬ con ngá»™ Ä‘iÃªn cuá»“ng
Äiáº¿c  lá»— Ä‘Ã­t  quÃ¡  im máº¹ Ä‘i.!
ngÃ¡o quÃ¡ con Ä‘iÃªn !
"ThÃ´i bÃ  con Æ¡i, xÃ m b quÃ¡ chuyá»‡n cá»§a tháº§y tu  ,bÃ  cá»© cÃ¢u lai hoÃ i"
Tháº§y minh tuá»‡ k cÃ³ gÃ¬ cáº£ Sao cá»© vu khá»‘ng cho tháº§y
CÃ¡i má» phun ra phÃ¢n khÃ´ng
MÃ y Ä‘iÃªn náº·ng rá»“i
Äá»“ con Ä‘iÃªn NÃ³i nháº£m
á»’n quÃ¡
"Äáº¹p quÃ¡, cháº¯c Ã´ng HoÃ ng YÃªn sáº¯p mÃ² vá» vÃ¬ cÃ¡i sáº¯c Ä‘áº¹p nÃ y"
PhÆ°Æ¡ng Háº±ng lÃ  ngÆ°á»i phá»¥ ná»¯ tháº³ng tháº¯n máº¡nh máº½ tÃ i giá»i xinh Ä‘áº¹p chÃºc PhÆ°Æ¡ng HÃ ng máº¡nh khoáº» bÃ¬nh an háº¡nh phÃºc
CÅ©ng  lÃ   cÃ¢u  nÃ³i  Ä‘Ã³  chá»‹  hang  ráº¥t  Ä‘áº¹p ngÆ°á»i  vÃ   Ä‘áº¹p  cáº£  trÃ¡i tim   mÃ£i yÃªu  chá»‹ ngÆ°á»i  phá»¥  ná»¯  chi  biáº¿t  thÆ°Æ¡ng ngÆ°á»i nghÃ¨o  giÃºp  Ä‘Ã³ hang  ngÃ n  tráº»  em  Ä‘Ã³  má»›i  má»›i  lÃ   Ä‘á»©c  hanh  chÃºc gia Ä‘Ã¬nh  chá»‹  tháº­t nhiá»u háº¡nh phÃºc
Chá»‹ Háº±ng tiá»n nhiá»u nhiá»u lÃºc cÅ©ng o bÃ¬nh thÆ°á»ng
á»¦NG há»™ co phÆ°Æ¡ng hang
MÃ£i mÃ£i thÆ°Æ¡ng yÃªu á»§ng há»™ PhÆ°Æ¡ng Háº±ng cÃ´ thÃ´ng minh xinh Ä‘áº¹p tÃ i Ä‘á»©c váº¹n toÃ n chÃºc cÃ´ luÃ´n máº¡nh khoáº» bÃ¬nh an háº¡nh phÃºc
nÃ³i bÃ  Háº±ng hung dá»¯ cÃ³ chÆ°á»Ÿi Ã´ng bÃ  tá»• tiÃªn mÃ¬nh Ä‘Ã¢u ngÆ°á»i ta nÃ³i ai ká»‡ bÃ  Háº±ng sau vÃ´ cÃ  khá»‹a chÆ°á»Ÿi ngÆ°á»i ta rá»“i nÃ³i ngÆ°á»i ta hung dá»¯ á»Ÿ Ä‘áº¥t nÆ°á»›c Viá»‡t Nam mÃ¬nh mÃ  khÃ´ng tÃ´n thá» Ã´ng cha Ä‘áº¥t nÆ°á»›c tá»• tiÃªn tá»• quá»‘c Viá»‡t Nam mÃ  bÃªnh nhá»¯ng ngÆ°á»i chá»‘ng phÃ¡ Ä‘áº¥tâ€¦ 
Tháº§y khÃ´ng cÃ³ gÃ¬ Ä‘á»ƒ pháº£i giáº£i cá»©u tháº§y Ä‘ang tu táº­p Ä‘Æ°á»£c chÃ­nh quyá»n há»• trá»£ cho tháº§y ráº¥t tá»‘t
Phim cÃ³  táº­p 1 táº­p 2 nha Chá»‹ háº±ng
Em Ä‘áº¹p láº¯m chÃºc em sá»©c khá»e
ÄÃ£ Äá»¥ng LÃ  Cháº¡m Quáº¥t LÃ  Ko ChÆ°á»£t Sai ThÃ¬ Chung â€¦ 
PHÆ¯Æ NG Háº°NG MÃƒI Äá»ˆNH
Äáº¹p nhÆ°ng giá»ng hÆ¡i chua
cÃ´ háº±ng Æ¡i ká»‡ Ä‘i cÃ´.Ä‘á»«ng tham gia lÃ m gÃ¬
".   MÃŒNH ChuyÃªn cung cáº¥p lÄƒng má»™ Ä‘Ã¡ nguyÃªn khá»‘i táº¡i LÃ¢m Äá»“ng, ÄÃ¡m cuá»™n con coi ai bá»‹ tá»©c cháº¿t thÃ¬ liÃªn há»‡ cho mÃ¬nh nhÃ©.lÄƒng má»™ Ä‘Ã¡ vÄƒn tÃ¬nh trá»n chá»¯ hiáº¿u váº¹n chá»¯ tÃ¢m, xin chÃ¢n thÃ nh phá»¥c vá»¥...Phan page chÃ­nh thá»©c:Má»™ Ä‘Ã¡ lÃ¢m Ä‘á»“ng"
Xin lá»—i bÃ  ngáº­m má»“m láº¡i bá»›t lá»™ng ngÃ´n Ä‘i Ã´ Mt lÃ m sao ká»‡ Ã´ ko áº£nh hÆ°á»Ÿng loáº¡i tÃ¹ tá»™i nhÆ° bÃ 
O day ba H ko noi su MT la gi  tu chan chinh thi dung roi.nhung ba noi o day la may vit dat dua hoi su MT ma lam chuyen khac..Kieu dua hoi nguoi noi tieng a mn..
ChÃºc chá»‹ thÃ nh cÃ´ng Ä‘áº¡i thÃ nh cÃ´ng
á»¦ng há»™ PhÆ°Æ¡ng Háº±ng .
Ba hang oi ba khung nang lam roi keu ong dung dua vao vien tam than nay ba khung qua nang nhin ba giong gia nhan
YÃªu cáº§u cÃ´ng an vÃ´ cuá»™c .ca VN sao váº­y ta Ä‘á»ƒ  nÃ³ khÃ¹ng hoÃ i váº­y sao .cho vÃ´ T31 khÃ´ng thÃ¬ nhÃ  thÆ°Æ¡ng Ä‘iÃªn cho nÃ³ á»Ÿ chá»© . xÃ£ há»™i VN bÃ¢y giá» Ä‘á»ƒ nÃ³ muá»‘n nÃ³i gÃ¬ cÅ©ng Ä‘Æ°á»£c sao . máº§y Ã´ng  CA yÃªn láº·ng lÃ  sao
Láº¡i con Ä‘iÃªn lÃªn máº¡ng
Mo Pháº­t minh co sá»›m xuá»‘ng 18tang Ä‘á»‹a ngá»¥c cho dÃ¢n yÃªn á»•n
Má»™t con Ä‘iÃªn
Äá»«ng chá»­i ná»¯a cÃ´ Æ¡i chÆ¡i phÃ¡p lÃ½ cho há» ngáº¡c nhiÃªn Ä‘i cÃ´ cho nhá»¯ng ngÆ°á»i chá»­i cÃ´ mÃ¡y nÄƒm nay biáº¿t tháº¿ nÃ o lÃ  lá»… Ä‘á»™ hÆ¡i Ä‘au mÃ  cÃ´ nÃ³i há» ko hiá»ƒu Ä‘Ã¢u há» rÃ©t cÃ´ nhÃ¬u hÆ¡n hÃ£y sá»‘ng vÃ¬ gia Ä‘Ã¬nh vÃ  báº£n thÃ¢n mÃ¬nh ai ngu bá»‹ lá»«a hay gÃ¬ Ä‘Ã³ cÃ´ dung wan tÃ¢m ná»¯a
Háº±ng hÃ¢m
Ä‘áº¡i nam cÃ ng váº¯ng má»¥ nÃ y cÃ ng Ä‘iÃªn
"chá»‹ nÃ y chanh chua hÆ¡n thua vá»›i ngÆ°á»i khÃ¡c quÃ¡, cho nÃªn  bá»‹ bá»‡nh náº·ng láº¯m rá»“i"
Hay quÃ¡ chá»‹ Háº±ng Æ¡i 
Cáº£m Æ¡n chá»‹ Háº±ng Ä‘Ã£ giÃºp dÃ¢n thá»©c tá»‰nh khÃ´ng u mÃª
Khá»§ng quÃ¡ ba Æ¡i
"cÃ²n tá»¥i xuyÃªn tac xá» lÃ¡ tá»¥i nÃ³ chuyÃªn bá»›i mÃ³c cÃ´ háº±ng báº¥t cháº¥p ,, mn náº¿u lÃ  ngÆ°á»i vn yÃªu nÆ°á»›c  thÆ°Æ¡ng dÃ¢n sáº½ khÃ´ng nÃªn Ä‘áº£ kÃ­ch cÃ´ ná»¯a náº¿u cÃ´ sai cÃ²n phÃ¡p luáº­t"
Con nÃ y nÃ³ khÃ¹ng quÃ¡ dá»“i
ÄÃºng lÃ  con Ä‘iÃªnï¿¼
NgÆ°á»i phá»¥ ná»¯ thÃ´ng minh trÃ­ tuá»‡ tÆ° duy nháº¡y bÃ©n cÃ³ tÃ¢m cÃ³ táº§m chá»‰ cÃ³ á»Ÿ phÆ°Æ¡ng háº±ng 
Cá»© Ä‘áº¹p nhÆ° váº­y chá»‹ nhÃ©  vÃ  luÃ´n luÃ´n kiÃªn nháº«n kiá»ƒm soÃ¡t  Ä‘á»«ng Ä‘á»ƒ bá»‹ kÃ­ch Ä‘á»™ng
BÃ  háº¿t tro rá»“i  nghÄ© khÃ¡n giáº£ há» ngÃ¢y ngÃ´ rá»… nghe rá»… báº£o váº­y  pháº£i hiá»ƒu lÃ  1 ngÆ°á»i k cÃ³ tiá»n khÃ´ng cÃ³ quyá»n nhÆ°ng nÃ³i ai cÅ©ng nghe thÃ¬ giÃ¡ trá»‹ cá»§a ngÆ°á»i Ä‘Ã³ nhÆ° tháº¿  nÆ°á»›c Ä‘á»u yÃªu thÆ°Æ¡ng kÃ­nh trá»ng tháº§y thÃ¬ bÃ  cÃ³ lÃ m j Ä‘i â€¦ 
SÃ¡t khÃ­ 
Con chÃºc cho nhá»¯ng trÃ¡i tim pháº­t .luÃ´n bÃ¬nh an trÃªn má»i náº»o Ä‘Æ°á»ng.
Con Ä‘iÃªn
"Con Ä‘iÃªn náº·ng rá»“i, Ä‘i viá»‡n khÃ¡m thÃ¬ tá»‘t hÆ¡n"
BÃ  háº¥p thÃ¬ cÃ³
Táº¥t cáº£ Ä‘á»u lÃ  chÃ­nh xÃ¡c...
"MÃ¬nh váº«n quÃ½ tháº§ymtCÅ©ng quÃ½ nphChÃºc má»i ngÆ°á»i nhiá»u sk, â€¦ "
"Vá»‹t tÃ¢n lÃ  cÃ¡i con cáº·c gÃ¬ mÃ  pháº£i nÃ³i tá»›i nÃ³, biá»‡n luáº­n vá»› váº©n trÃ² con nÃ­t."
CÃ³ p h Ä‘á»“ng bÃ³ng Ä‘áº¹p láº¯m
Zam lá»›n vÃ¡ bÃ   lÃ m gÃ¬ zÆ° mÃ¬nh tuÃª
á»¦ng há»™ phÆ°Æ¡ng Háº±ng ngÆ°á»i phá»¥ ná»¯ TÃ i Giá»i máº¡nh máº½
Báº£o vá»‡ Ä‘áº¥t nÆ°á»›c lÃ  trÃ¡ch nhiá»‡m cá»§a má»i ngÆ°á»i dÃ¢n cho con chÃ¡u chÃºng ta bÃ¬nh an suá»‘t Ä‘á»i Ä‘á»i
Thá»© gÃ¬ cÅ©ng nÃ³i Ä‘c. Thiá»‡t lÃ  ná»ƒ phá»¥c
Äáº¹p quÃ¡ trá»i
"ChÃºc chá»‹ vui váº» vÃ  háº¡nh phÃºc nhÃ© , chÆ°a bg tháº¥t vá»ng vá» chá»‹ "
Äáº¹p láº¯m chá»‹ yÃªu.. bá»Ÿi váº­y bá»n sÃºc váº­t nÃ³ háº¡i
Äá» nghá»‹ bá»™ cÃ´ng an Viá»‡t Nam xÃ¡c minh cá» Ä‘Ãºng sá»± tháº­t khÃ´ng nhÆ° bÃ  háº±ng nÃ³i
PhÆ°Æ¡ng Háº±ng
NhÆ°ng tháº§y Minh Tuá»‡  liÃªn qua gÃ¬ Ä‘áº¿n cÃ´ mÃ  cÃ´ Ä‘oÃ i phÃ¢n tÃ­ch Ä‘Ãºng vÃ  sai cá»§a tháº§y
Con Ä‘iÃªn cuá»“ng nÃ³i lÃ¡o quÃ¡
NhÆ° váº­y  Ä‘áº¿n thá»i Ä‘iá»ƒm náº§y quÃ­ vá»‹    giÃ  tráº»   bÃ© lá»›n   cÃ³ hiá»ƒu Ä‘Æ°á»£c   bÃ  háº±ng   vá»£ chá»“ng     Ä‘áº¡i nam    chÆ°a  vÃ  hiá»ƒu biáº¿t     báº§y Ä‘Ã n    xuyÃªn táº¡c       vu khá»‘ng chá»‘ng phÃ¡      vá»£ chá»“ng   Ä‘áº¡i nam   chÆ°a váº­y  quÃ­ vá»‹
NÃ³i tá»›i nÆ¡i lui cÅ©ng ko bá» cÃ¢u Ä‘áº¹p ko quÃ­ Zi. mÃ¡
Äi khÃ¡m bá»‡nh Ä‘i con khÃ¹ng
Con tÃ¹ t3o ghen vá»›i tháº§y mÃ¬nh tuá»‡ tháº§y Ä‘Ã£ tu rá»“i mÃ  cá»© nháº¯c Ä‘áº¿n tÃªn nÃ³ cÃ²n nÃ³i khÃ´ng tÃ´n ttrá»ng tháº§y ai cáº§n nÃ³ tÃ´n trá»ng vá»›i má»™t con tÃ¹ con nÃ y dÃ£ tÃ¢m Ã¡c láº¯m nhÆ°ng mÃ  Ä‘á»¥ng tá»›i tháº§y thÃ¬ cÅ©ng tÃ n gia báº¡i sáº£n
Má»i thá»© trÃªn máº¡ng toÃ n lÃ  ko cÃ³ kiá»ƒm chá»©ng cho nÃªn ace Ä‘á»«ng nÃ³i gÃ¬ ai háº¿t cá»© Ä‘á»ƒ luáº­n PhÃ¡p vÃ o cuá»™c lÃ  sáº½ hiá»ƒu Ä‘Ãºng sai
LÃ m gÃ¬ mÃ  cáº§n giáº£i cá»©u MT
Má»¥ háº±ng Ä‘iÃªn quÃ¡ rá»“i
Xe sáº¯p lao dá»‘c rá»“i bÃ  Háº±ng Æ¡i tiáº¿t quÃ¡ viÃªn kim cÆ°Æ¡ng bÃ  Ä‘á»ƒ sai chá»— rá»“i nÃªn khÃ´ng soi Ä‘Æ°á»ng cho bÃ  Ä‘i Ä‘Æ°á»£c
MÃ y khÃ¹ng háº£ 
Con Ä‘iÃªn
Nhiá»u chuyá»‡n quÃ¡
"ThÃ­ dá»¥ Ai Ä‘Ã³ nÃ³i Ä‘i giáº£i cá»©u bÃ  Háº±g (trong khi báº£ Ä‘ag chÄƒn Ãªm ná»‡m áº¥m háº£ hÃª trÃªn Ä‘á»‘ng kim cÆ°Æ¡ng) thÃ¬ Ä‘Ã³ lÃ  báº£ muá»‘n váº¡y , ng Ä‘Ã³ lÃ  phe báº£ háº£ ta"
Bat buoc PH Tuyet xinh depp
Quy Ä‘áº¹p quÃ¡ trá»i luÃ´n quy
Chung bi Ä‘i tiáº¿p Ä‘i
NhÃ¬n con Ä‘iÃªu thuyá»n tháº¥y vÃ£i .
.mÅ© .má»“m sá»­a vá»«a .fhoi á»Ÿ fhi Ä‘i.boc.lich.som.
"QuÃ½ vá»‹ cÃ³ tháº¥y e dep k,,,, cÃ³ khÃ¹ng k quÃ½ vá»‹..."
BÃ  lÃ  viá»‡t tÃ¢n chá»› ai lÃ  viá»‡t tÃ¢n
Tá»¥i bÃ¢y  ninh  con hÃ ng  quÃ¡  thá»i  bÃ¬nh  Viá»‡t  tÃ¢n  Ä‘Ã¢u  ra
CÃ´ háº±ng mÃ£i xinh Ä‘áº¹p vÃ  tuyá»‡t vá»i
Ok chá»‹ há»i em tráº£ lá»i chá»‹ Ä‘áº¹p khÃ´ng chá»‹ Ä‘áº¹p cháº³ng nhá»¯ng chá»‹ Ä‘áº¹p mÃ  chá»‰ cÃ²n trinh ná»¯a Ä‘áº¥y nhÆ°ng á»Ÿ Ä‘Ã¢y cÃ²n trinh mÃ  chÃ­nh má»™t bÃªn Ä‘Ã´i lÃºc em lÆ°á»›t lÃªn gáº·p chá»‹ nhá»¯ng lá»i nÃ³i cá»§a chá»‹ em khÃ³ chá»‹u vÃ  máº¯c cá»¡ tá»‘i ngÃ y cá»© há»i tÃ´i Ä‘áº¹p khÃ´ng Ä‘áº¹p khÃ´ng tháº¥y Ä‘áº¹p Ã¡ kâ€¦ 
CÃ´ háº±ng quÃ¡ Ä‘áº¹p quÃ¡ Ä‘á»‰nh
"á»”ng TMT liÃªn quan gÃ¬ tá»›i bÃ  vt ngÆ°á»i dÃ¢n viá»‡t nam liÃªn quan gÃ¬ tá»›i bÃ  vt chá»‰ cÃ³ con cc liÃªn quan tá»›i thÃ´i ,,vÃ¬ khÃ´ng ai ráº£nh mÃ  theo hai con Ä‘iÃªn nÃ y ,,má»™t con cc Ä‘iÃªn ,,má»™t con Ä‘á»i Ä‘iÃªn"
ChÆ°a biáº¿t cÃ³ tháº­t hay khÃ´ng nhÆ°ng náº¿u bÃªn Má»¹ há»p Ä‘Ã²i giáº£i cá»©u Nguyá»…n PhÆ°Æ¡ng Háº±ng thÃ¬ bÃ  cÅ©ng lÃ  pháº£n Ä‘á»™ng Ã  .Ä‘Ã²i giáº£i cá»©u Nguyá»…n XuÃ¢n PhÃºc thÃ¬ Ã´ng PhÃºc cÅ©ng lÃ  pháº£n Ä‘á»™ng Ã  . pháº£i biáº¿t Ä‘Ã¢u lÃ  chiÃªu trÃ² ly giÃ¡n cá»§a bá»n nÃ³ chá»©.ngÆ°á»i tu ngÆ°á»i ta Ä‘Ã£ lÃ¬a tháº¿â€¦ 
"Nhá»¯ng ngÆ°á»i mÃ  kÃªu báº¯t nhá»‘t chi háº±ng lÃ  1 lÅ© khÃ´n náº¡n. Rui mai má»‘t biáº¿t Ä‘Ã¢u láº¡i trong gd mÃ¬nh cÃ³ con chÃ¡u mÃ¬nh bá»‡nh kiáº¿m ai mÃ  cá»©u, cÃ²n lÃºc Ä‘Ã³ Ä‘i kiáº¿m Ã´ng tuá»‡ Ã´ng tÃ¨ gÃ¬ Ä‘Ã³  Ä‘c  kg theo tÃ´i nghÄ© lÃºc Ä‘Ã³ cháº¡y Ã´ng áº¥y Ä‘i xa rui"
Ä‘á»«ng dÃ­nh vÃ o chÃ­nh quyá»n chuyá»ƒn ko Ä‘Æ¡n giáº£n Ä‘áº§u
"CÃ³ váº­y thÃ´i mÃ  dÃ¡m kháº³ng Ä‘á»‹nh bÃ  Ä‘Ã³ Ä‘á»©ng sau Tháº§y Minh Tuá»‡ Ã . Váº­y náº¿u cÃ´ng an Ä‘iá»u tra ra , Tháº§y Minh Tuá»‡ khÃ´ng liÃªn quan Ä‘áº¿n ngÆ°á»i phá»¥ ná»¯ Ä‘Ã³ . MÃ  ngÆ°á»i phá»¥ ná»¯ Ä‘Ã³ liÃªn quan Ä‘áº¿n má»™t tá»• chá»©c khÃ¡c â€œ mÆ°á»£n giÃ³ báº» mÄƒng â€œ. ThÃ¬ cÃ³ thá»ƒ báº¯t cÃ´ vá» tá»™i vu khá»‘ng Ä‘Ã³â€¦ "
Chá»‹ Háº±ng quÃ¡ tuyá»‡t vá»i xinh Ä‘áº¹p quÃ¡ Ä‘i
tui chá»­i cÃ´ háº±ng Ä‘a sá»‘ lÃ  bá»n khá»‘n náº¡n má»™t sá»‘ Ã­t tuy giáº­n cÃ´ nhÆ°ng há» váº«n thá»«a nháº­n cÃ´ cÃ³ lÃ²ng tá»‘t
Ráº¥t Ä‘áº¹p
VÃ i ngÃ y lá»— tai yÃªn tÄ©nh bÃ¢y giá» bÃ  Ä‘iÃªn láº¡i lÃªn cÆ¡n rá»“i xin chÃ­nh quyá»n cho bÃ  nÃ y vÃ o Äƒn cÆ¡m tÃ¹ sá»›m Ä‘i
Chá»‹ lÃºc nÃ o cÅ©ng Ä‘áº¹p. Giá»i giang. CÃ¡i gÃ¬ cÅ©ng biáº¿t. Chá»‰ cÃ³ cÃ¡i khÃ´ng biáº¿t giá»›i háº¡n mÃ  thÃ´i. Buá»“n 
giá»i quÃ¡ cÃ´ háº±ng Æ¡i má»¹ tá»• chá»©c kiá»‡n viá»‡t nam láº¡i thÃªm má»™t tá»™i lá»—i ná»¯a khÃ´ng hiá»ƒu truyá»n thÃ´ng máº¡ng sao sao váº­y
Chá»‹ Háº±ng tuyá»‡t vá»i 
NhÃ  nÆ°á»›c nÃªn vÃ o cuá»™c Ä‘i ai Ä‘Ãºng ai sai chÃ¥ láº¡i sá»± bÃ¬nh yen
ÄÆ°a Vá» hoÃ n yÃªn vá» cho báº£ Ä‘i cho máº¡ng xÃ£ há»™i Ä‘Æ°á»£c bÃ¬nh yÃªn
Mong cÃ´ háº±ng ko Ä‘á»¥ng chuyá»‡n..
"NghÄ© Cho khá»e Ä‘i chá»‹ Æ¡i Ä‘á»«ng lo chuyá»‡n chung nÃ y ná»¯a, mong chá»‹ bÃ¬nh an Ä‘á»ƒ giÃºp Ä‘á»¡ nhá»¯ng ngÆ°á»i khÃ³ khÄƒn."
NÃ³i chi láº¯m cho nhá»c cáº£ dÃ i cáº£ Ä‘áº¹p nÃªn hÆ°á»Ÿng thá»¥
YÃªu máº¿n chá»‹ háº±ng
Con nÃ y loáº¡n ngÃ´n mÃ  sao  nhÃ  tháº©m quyáº¿n kh vÃ o cuÃ´c  Ä‘Ãª cho dÃ¢n cÆ° máº¡ng  Ä‘Æ°Æ¡c yÃªn
"Äáº¹p thÃ¬ Ä‘á»ƒ ngÆ°á»i khÃ¡c nÃ³i ,mÃ¬nh nÃ³i Ä‘áº¹p hoÃ i ,nhiá»u ngÆ°á»i Ä‘áº¹p láº¯m nhÆ°ng khÃ´ng ai lÃªn máº¡ng tá»± nÃ³i mÃ¬nh Ä‘áº¹p"
Roi chung may chi bang cai mong chan cua ceo ph ma thoi that la ngu.ngoc..ceo mai dinh
NhÃ¬n máº·t tháº¥y sáº¯p Ä‘iÃªn rá»“i
"Sang má»¹ mÃ  sá»‘ng, pháº£n Ä‘á»™ng"
ChÃºc ch luÃ´n2 VV tráº» Ä‘áº¹p BÃ¬nh An HP
NgÆ°á»¡ng má»™ nhá»¯ng con nguÃ²i cÃ³ tÃ¢m vá»«a cÃ³ táº§m lá»‘i sá»‘ng cÃ³ Ä‘áº¡o Ä‘á»©c sá»‘ng pháº£i Thá»±c táº¿ nguÃ²i tháº­t viá»‡c tháº­t lÃ  Ä‘Ã¢y
Chá»‹ Háº±ng nÃ³i ghe chÆ°a mn
cÃ³ Ä‘á»©t cá»™ng nÃ o thÃ¬ Ä‘i ná»‘i laá»‹ Ä‘i cho tháº¿ gá»›i nÃ y dc bÃ¬nh yÃªn nha mÃ¡
"Viá»‡t Nam cÃ³ Ba TrÆ°ng, BÃ  Triá»‡u, Ba PhÆ°Æ¡ng Háº±ng. ChÃºng tÃ´i á»§ng há»™ ceo Nguyá»…n PhÆ°Æ¡ng Háº±ng"
Rá»“i cÃ³ liÃªn quan gÃ¬ Ä‘áº¿n Ã´ng mÃ¬nh tuá»‡ háº£ con Ä‘iÃªn
GÆ°Æ¡ng kia ngá»± á»Ÿ trÃªn tÆ°á»ng.nÆ°á»›c ta ai Ä‘áº¹p nhÆ° nhÆ°á»ng nhÆ° ta.xÆ°a kia bÃ  Ä‘áº¹p nháº¥t tráº§n.ngÃ y nay bÃ  Ä‘áº¹p muÃ´n pháº§n nhá» vÃ o pháº¥n son.
Nghiá»‡p chÆ°á»›ng
áº¾ch cháº¿t táº¡i miá»‡ng 1 láº§n Ä‘i tÃ¹ chÆ°a chá»«a Ã 
"Chuyá»‡n nÆ°á»›c nhÃ  thÃ¬ cÃ³ nhÃ  nÆ°á»›c lo , dÆ° hÆ¡i , tá»•n sá»©c"
Cáº£m Æ¡n cÃ´ Ä‘Ã£ thá»©c tá»‰nh ..bá»n nÃ o u mÃª cho nÃ³ Ã´m.ná»“i cÆ¡m Ä‘i
BaÌ€  dang vu khÃ´Ìng  thÃ¢Ì€y  Minh TuÃªÌ£   laÌ€  viÃªÌ£t  tÃ¢n  .ko cÃ¢Ì‰n  thÃ¢Ì£n  baÌ€  laÌ£i  vÃ´  tuÌ€  lÃ¢Ì€n  nÆ°Ìƒa
LuÃ´n tin yÃªu PH 
Tuyá»n Æ¡i em cÃ³ dÃ¡t vÃ ng em Ä‘áº¹p nhÆ° phÃ¹ thá»§y
CÃ´ Háº±ng lÃ  sá»‘ 1 mÃ£i yÃªu CÃ´
"SÆ° minh tuá»‡ cÃ³ nÃ³i xáº¥u ai khÃ´ng ai chá»­i sÆ° minh tuá»‡ Ä‘Ã¡nh sÆ° minh tuá»‡ , sÆ° cÃ²n Cáº§u chÃºc cho má»i ngÆ°á»i Ä‘Æ°á»£c háº¡nh phÃºc ná»¯a mÃ "
CÃ´ háº±ng tuyá»‡t vá»i
BÃªn Ä‘Ã³ há»p giáº£i cÆ°á»›u cÃ´ cÃ¡i cÃ´ thÃ nh vt.  CÃ´ lá»›n rá»“i mÃ  sao nÃ³i j
NgÆ°Æ¡Ì€i nhaÌ€ cÃ´ hÄƒÌ€ng sao khÃ´ng ai lo cho cÃ´ Ã¢Ìy hÃªÌt vÃ¢Ì£y cÃ´ nÄƒÌ£ng lÄƒÌm rÃ´Ì€i
Con nÃ y nghiá»‡p quáº­t cháº¯c cÃ³ káº¿t cá»¥c bi tháº£m thÃ´i !
Chuc hang luon binh an.
Má»›i ra lÃ² mÃ  chÆ°a lá»›n á»§ng há»™ nhiá»u nhiá»u vÃ´ cho báº£ mau vÃ o khÃ¡mï¿¼
Ä‘áº¹p quÃ¡ ha con ngÆ°á»i ko cÃ³ lÆ°Æ¡ng tÃ¢m
"Ca sÄ© Phi Nhung cháº¿t rá»“i bÃ  cÅ©ng láº­t má»“ máº£ lÃªn mÃ   chá»­i, tháº§y tu hÃ nh hiá»n lÃ nh bÃ  cÅ©ng ko tha, bÃ  Äá»i giÃ  nghÃ¨o khá»• bÃ  vu khá»‘ng lÃ  viá»‡t tÃ¢nâ€¦ tháº­t kinh khá»§ng quÃ¡"
chá»‹ quÃ¡ Ä‘áº¹p tháº¿ nÃªn nhiá»u káº» nÃ³ moies nghen
Chá»‹ Æ¡i em phiÃªn chá»‹ 1 cÃ¢u Ã­t Ã­t láº¡i chá»‹ Ä‘Ã£ tuáº§n din vÃ o vÃ²ng lao lÃ½ Ä‘á»«ng Ä‘i vÃ o viáº¿t xe Ä‘á»• ná»¯a nha chá»‹.
Chá»‹ Ä‘áº¹p Ä‘Ã£ nÃ³i cá»© tá»« tá»« thÃ¬ khoai sáº½ nhá»«
YÃªu chá»‹ PhÆ°Æ¡ng Háº±ng giÃºp dÃ¢n nghÃ¨o
"BÃ  ráº£nh hÃ¡ng quÃ¡ , chá»› nhÃ¢n dÃ¢n VN tÃ´i chá»‰ há»c theo Ä‘iá»u tá»‘t cá»§a sÆ° Minh Tuá»‡ thÃ´i ."
á»i giá»i Æ¡i tá»± khen mÃ¬nh 
NÃ³ lá»£i dá»¥ng hÃ¬nh áº£nh cá»§a tháº§y vÃ  sá»± tÃ´n kÃ­nh cá»§a má»i ngÆ°á»i vá»›i tháº§y thÃ¬ ká»‡ má»‹a nÃ³â€¦ cháº£ liÃªn quan gÃ¬ Ä‘áº¿n tháº§y. Äá»«ng dáº«n dáº¯t dÆ° luáº­n.
QuÃ½ vá»‹ tháº¥y em náº·ng láº¯m chÆ°a
ThÃ´ng tin bÃªn Ä‘Ã³ kiá»‡n Viet Nam lÃ  cÃ³ tháº­t nha mjk Ä‘Ã£ sem vÃ  Ä‘á»c
Co tháº­t hay khÃ´ng chÃ­nh q  hay  vao cuá»™c lÃ m ro vá»¥ viá»‡c nÃ y  hay dieu tra cho ra  ..á»Ÿ Viá»‡t Nam mÃ  biáº¿t Ä‘Æ°á»£c bÃªn Má»¹ Tá»‘i ngay nhac den Viet tan
TÃ¹ Ä‘i em Æ¡i
á»§ng há»™ cÃ´ NPH
Rat thuong phat song la chi hang phat song nay dup nguoi dup doi do co chu oi
Clip nÃ y náº¿u á»Ÿ vn cÃ³ bá»n nÃ y thÃ¬ cháº¯c an ninh vn sáº½ ra sao cháº¯c quÃ¢n Ä‘á»™i pháº£i vÃ o cuá»™c
Con Ä‘iÃªn Ã´ng minh tuá»‡ lÃ m gÃ¬ mÃ  pháº£i giáº£i cá»©u
Chá»‹ Ä‘áº¹p láº¯m
Em Ä‘áº¹p tÃ¢m há»“n  Ä‘áº¹p láº¯m Ä‘Ã³
Báº¯t nhá»‘t háº¿t bá»n ná»“i cÆ¡m Ä‘iá»‡n lÃ  bÃ¬nh yÃªn cho Ä‘áº¥t nÆ°á»›c tá»‘i ngÃ y mÃª tÃ­n hk lÃ m mÃ  muá»‘n cÃ³ Äƒn
YÃªn pháº­n lÃ m Äƒn cÃ²n ngÆ°á»i thá»i giá» ai lÃ m gÃ¬ ngÆ°á»i ta biáº¿t háº¿t tÃ¢m ThiÃªn cá»© lÃ m lÃªn Ä‘Ã¢y mÃ  rÃ©o vá» tháº§y mÃ¬nh tuá»‡ thÃ¬ háº¿t nghiá»‡p lÃºc nÃ o khÃ´ng hay
TÃ´i phÃ¡i cÃ¢u e cÃ³ Ä‘áº¹p kg quÃ½ vá»‹ kkk 
"Cháº¯c cháº¯n háº±ng ngá»“i há»p chung vá»›i viá»‡t TÃ¢n rá»“i má»›i biáº¿t chÃ­nh xÃ¡c, chá»© chÃ­nh quyá»n Viá»‡t Nam cÃ³ ai lÃ m gÃ¬ tháº§y MT Ä‘Ã¢u."
"Ko tin má»¥ nha, nhÃ  nÆ°á»›c VN ko Ä‘á»ƒ cho má»¥ lÃªn ra ráº£ Ä‘Ã¢u"
Con má»¥ nÃ y má»›i lÃ  viáº¿t tan lÃªn nÃ³ á»Ÿ Viá»‡t Nam mÃ  nÃ³ biáº¿t cáº£ á»Ÿ bÃªn Má»¹ Viá»‡t TÃ¢n nÃ³ há»£p nÃ³ chÃ­nh lÃ  Viá»‡t TÃ¢n
Máº¹ Ä‘áº¹p. NhÆ° con.....
Sao Ã´ng D nÃ³i uá»‘ng thuá»‘c 
á» Má»¹ thÃ¬ nÃ³i vÃ¬ Ä‘áº¥t nÆ°á»›c chá»§ quyá»n cÃ³ tiá»n thÃ¬ cÃ³ táº¥t cáº£ tá»•ng thá»‘ng cÃ²n báº§u tá»± do thÃ¬ bá»n chá»‘ng phÃ¡ ráº¥t nhiá»u cÄƒn gÃ¬ pháº£i nÃ³i
Ãšng há»™ chá»‹ ph
PhÆ°Æ¡ng Háº±ng mÃ£i Ä‘á»‰nh cÃ´ gÃ¡i xinh Ä‘áº¹p Æ¡i..
TÃ´i tháº¥y cÃ´ nÃ³i gÃ¬ tá»« trÆ°á»›c Ä‘áº¿n nay ÄÃºng háº¿t
á»’n Ã o quÃ¡
NgÆ°á»i khÃ´n nÃ³i láº¯m thÃ nh ngu
Äáº¹p xuáº¥t sáº¯c
SÅ cua ph LA an com tu
Chá»‹ quÃ¡ tuyá»‡t vá»i 
Há» tá»›i há» khÃ³c lÃ³c than khá»• cá»±c láº¥y cáº§n lau nÆ°á»›c máº¯t Ã´m áº¥p mÃ  nÃ³i há» pháº£n Ä‘á»™ng láº­p chÃ­nh quyá»n xáº¡o xáº¡o
Má»i NgÆ°á»i CÃ³ Tháº¥y BÃ£ Äáº¹p KhÃ´ng Má»i NgÆ°á»i Æ i kkkkk
Sao giá» nÃ y mÃ  khÃ´ng cho con háº±ng vÃ´ trai giam
KhÃ´ng nhá»¯ng Ä‘áº¹p cÃ²n Ä‘iÃªn ná»¯a
"NgÆ°á»i ngu sÃ¢n si ganh tá»‹ vá»›i Tháº§y má»›i xem vÃ  tin nhá»¯ng kÃªnh pháº£n Ä‘á»™ng nháº£m nhÃ­ Ä‘Ã³â€¦. Tháº§y ko biáº¿t ko LiÃªn quan ai háº¿t. Ba dáº«n dáº¯t dÆ° luáº­n nghiá»‡p quáº­t báº£ ngay bÃ¢y giá», Ä‘á»“ ngu"
"Xáº¡o L, má»‹ dÃ¢n, bÃµ tien ra Ä‘á»ƒ dc lÃ²ng nguoi thÃ¬ cÃ³ gÃ¬ hay ho mÃ  la um xÃ¹m"
NgÆ°á»i ta Ä‘i tu cÃ³ liÃªn can vá» Ä‘áº¿n mÃ y háº£ con Ä‘iÃªn
NhÃ¬n tháº¥y mat Ã´i
á»¦ng há»™ PhÆ°Æ¡ng Háº±ng 
Ä‘i vÃ o viá»‡n tÃ¢m tháº§n hÆ¡n lÃ  Ä‘i há»p Ä‘áº¹p thÃ¬ Ä‘á»ƒ ngÆ°á»i khÃ¡c há» khen
tháº§y minh tuá»‡ lÃ  báº­c thÃ¡nh lÃ  pháº­t sÃ´ng trong lÃ²ng tÃ´i ! nam mÃ´ a di Ä‘Ã  pháº­t
 .dien.qua.ca.nha.oi
PhÆ°Æ¡ng Háº±ng mÃ£i Ä‘á»‰nh
Láº¡i phÃ¡t bá»‡nh náº·ng
Dá»‘t mÃ  cÅ©ng Ä‘i há»p Ã 
Giá» sao tÃ´i tháº¥y thÆ°Æ¡ng chá»‹. GÃ¬ chá»‹ Ä‘Ã£ bá»‹ bá»‡nh nhiá»u quÃ¡ rá»“i mn oi
Con Ä‘iÃªn
Cai muong cua chi se hai cai than cua chi thoi
Anh tháº¥y em Ä‘áº¹p váº­y mÃ  sao cÃ³ Ä‘á»©a chÃª
"NhÃ¬n cÃ¡i bÃ  nÃ y tá»« tÆ° tháº¿ tÃ¡c phong,giá»ng nÃ³i phong cÃ¡ch diá»…n thuyáº¿t hÃ¹ng biá»‡n chÃ¡n láº¯m cháº£ muá»‘n nghe gÃ¬"
BÃ¡n lÄ©nh ráº¥t tuyá»‡t vá»i
má»›i Ä‘i tÃ¹ vá» thÃ¬ bÃ© cÃ¡i má»“m thÃ´i ko láº¡i Ã¡n trá»“ng Ã¡n
Ngá»“i á»Ÿ viá»‡t nam mÃ  nÃ³i chuyá»‡n á»Ÿ má»¹ cÃ³ ai nghe dc k
Trá»i ngÃ y nÃ o cÅ©ng lÃªn Ã²m á»i z trá»i lÆ°á»›t Ä‘Ã¢u cÅ©ng tháº¥y háº¿t bá»±c háº¿t ngÆ°á»i... lÃ m Æ¡n báº¿ Ä‘i vÃ´ viá»‡n hay cho uá»‘ng thuá»‘c dÃ¹m cÃ¡i Ä‘i trá»i
"TÃ´i váº«n mÃ£i yÃªu thÆ°Æ¡ng bÃ  NPH. BÃ  NPH tÃ´n trá»ng sá»± tháº­t thÃ­ch chá»‘ng cÃ¡i Ã¡c , báº£o vá»‡ cÃ¡i thiá»‡n cÃ ng nghÄ© cÃ ng tháº¥y quÃ½ bÃ  NPH nhiá»u hÆ¡n."
Giá»ng nÃ³i cá»§a ba nÃ y nÃ³i nghe Ä‘anh thÃ©p nghe mÃ  sá»£ quÃ¡
CÃ¡i miá»‡ng bÃ  bÃ©ng chá»© ngoÃ i ra cÃ¡i gÃ¬ cá»§a bÃ  cÅ©ng lá»¥c vÃ  báº§y nháº§y háº¿t
DÅ©ng lÃ² vÃ´i (cÃ³ ) phÆ°á»›c gáº·p bÃ  nÃ y
CHá»Š HÃ£ng lÃ  niá»m tá»± hÃ o cá»§a ngÆ°á»i dÃ¢n nghÃ¨o
BÃ  nÃ o nÃ³i.ong tÃ´ lÃ¢m nghe máº§y nÃ³i cáº£ ngÆ°á»i dÃ¢n.chá»‰ biáº¿t máº§y nÃ³i chá»© ai nÃ³i
PhÆ°Æ¡ng Háº±ng nÃ³i cÃ¡i gÃ¬ cÅ©ng Ä‘Ãºng luÃ´n Ä‘Ãºng lÃ  quáº¥t phÃ¡t nÃ o trÃºng phÃ¡t Ä‘áº¥y
NÃªn cÆ°á»¡ng cháº¿ xuá»‘ng biÃªn hÃ²a Ä‘á»ƒ váº­y loáº¡n cáº£ máº¡ng xh
Náº¿u nÃ³i khÃ´ng nÃ³i thÃ¬ khÃ´ng bao giá» nÃ³i náº¿u khÃ´ng muá»‘n nghe thÃ¬ Ä‘á»«ng nghe cá»© ngá»“i im mÃ  xem ngÆ°á»i ta lÃ m
Ba hang ra tu thi hoa ac hon luc ba chua di nua
Chá»‹ Ä‘áº¹p quÃ¡ chá»‹ Æ¡i  kkkk
LuÃ´n á»§ng há»™ chá»‹
mÃ y Ä‘i há»p ra ngoÃ i Ä‘Æ°á»ng coi chá»«ng bá»‹ háº¡i Ä‘Ã³
"OK báº¡n,pháº£i máº¡nh máº½ lÃªn"
CÃ´ nÃ³i Ã´ng tÃº chuáº©n luÃ´n .Ä‘áº§u tiÃªn Ã´ng Ä‘i bá»n yuotuby quay tÃ´n Ã´ng pháº­t háº¡ tháº¿ lÃ  khiáº¿p .cÃ²n ngoáº¡i Ä‘áº¡o thay nhau Ä‘á»©ng lÃªn thÃ¬ xem pháº£i nÃ³ gÃ i vÃ o ko.chÃ¢n tu vn ta nhiá»u nÃ³ Ä‘Ã¢u khen vÃ  thi Ä‘ua Ä‘á»©ng lÃªn tÃº Ä‘i 1 cÃ¡i thay nhau
Cháº³ng qua chÃºng nÃ³ lá»£i dá»¥ng Fan tháº§y MT & Fan PH Ä‘á»ƒ chá»‘ng phÃ¡ nhÆ°ng cháº³ng liÃªn quan hai nhÃ¢n váº­t chÃ­nh . Chá» xem há»“i káº¿t
BÃ  cÃ¢m má»“m Ä‘c rÃ¹i
"PHÆ¯Æ NG Háº°NG ráº¥t Ä‘áº¹p , tÃ i giá»i nÃªn bá»n lÆ°Æ¡ng nÃ³ cay cÃº"
NhÆ° 1 con phÃ¹ thá»§y ...tá»± mÃ¬nh khen mÃ¬nh ..gá»›m
con tam than benh hoan . benh my to chuc la binh thuong vn co cai mieng may dam noi loi phan dong moi la
Cuá»‘n cuá»‘n táº©y chay
"Con Ä‘iÃªn,nhÃ¬n muá»‘n Ã³i xanh máº­t chá»© Ä‘áº¹p gÃ¬"
Tá»± nhiÃªn mÃ¬nh bá»‹ ngÃ¡o ngÆ¡ theo 
"Ä‘Ãºng lÃ  khÃ´ng Ä‘Æ°á»£c bÃ¬nh thÆ°á»ng rá»“i , há»‹ bá»‡nh hoang tÆ°á»Ÿng rá»“i"
Ve sáº§u kÃªu láº¯m rá»“i cÅ©ng khÃ´ .ai kÃªu lÃ  Ä‘Æ°Æ¡c khi cÃ²n cÃ³ thá»ƒ
Máº¥y ngá»«oi khÃ´ng tin banh náº¡o ra mÃ  nghe cÃ´ nÃ³ kÃ¬a
"Tháº±ng xÄƒng pha nhá»›t nÃ y chá»­i cÃ´ háº±ng nÃ¨,máº¥t Day láº¯m chÃª Bai cÃ´ háº±ng dÃ¹ng lá»i Tuc tá»§i0:00 / 0:31"
ChÃºc.   Má»«ng.  Ná»¯.  Anh.   HÃ¹ng.   Xin.  Äáº¹p.   MÃ£i.  Äinh.  
Ã”ng trá»i co mat  song gio cá»§a chi phÆ°Æ¡ng háº±ng da qua chÃºc chi sung Ä‘ang Ä‘Æ°á»£c moi ngÆ°á»i yÃªu thÆ°Æ¡ng
Rá»“i sao háº£ con Ä‘iÃªn
TrÆ°á»›c lÃ  hÃ¢m má»™ chá»‹ nhÆ°ng giá» thÃ¬ chá»‹u ko hiá»ƒu ná»•i vá»«a ra tÃ¹ chá»‹ cÃ³ quyá»n j mÃ  phÃ¡n xÃ©t tháº§y minh tuÃª.tháº¥t vá»ng
NgÆ°á»i nÃ o yÃªu máº¿n tháº§y lÃ  bá»‹ mÃ¡ kÃªu lÃ  vt háº¿t Ã¡  khÃ¹ng quÃ¡ mÃ¡
"NÃ³i Ã­t thÃ´i , tui sá»£ bÃ  vÃ o T30 láº¡i Ä‘Ã³"
Kkkkk lai vt ná»¯a rá»“i
Thuá»™c náº±m Ä‘iá»u bÃ¡c Há»“ chÆ°a
QuÃ¡ nguy hiá»ƒm.Äƒn nÃ³i tá»¥c tÄ©u.hÆ°á»›ng sá»± chÃº Ã½ cá»§a ngÆ°á»i dÃ¢n Ä‘áº¿n Ä‘á»™i ngÅ© phÃ¡ hoáº¡i Ä‘áº¥t nÆ°á»›c.
NÃ³i nhÃ¢n dÃ¢n vÃ o kÃªnh pháº£n Ä‘á»™ng xem
ThÃ­ch quÃ¡ tháº£o tiÃªn ok ph
ÄÃ¢y lÃ  1 tá»• chá»©c  ráº¥t nguy hiá»ƒm lÃ m cho dÃ¢n mÃª muá»™i   cÃºng dg ng Ä‘g  chá»‰ vÃ¬ pháº­t sá»‘ng tháº­t áº£o tÆ°á»Ÿng
Con nÃ y vÃ´ tÃ² cho Ä‘áº¥t nÆ°á»›c bÃ¬nh yÃªn
Máº¸ Æ I KHá»¦NG KHIáº¾P QUÃ TRá»œI Æ I
NhÃ¬n máº·t pH dá»¯ quÃ¡ Ã 
NÃ³i nhiá»u wa coi chá»«ng bá»‹ há»‘t ná»¯a.Tháº£ báº£ ra lÃ  á»“n Ã o hÃ .
á»¦ng há»™ PH
Chá»‰ wa Ä‘áº¹p
HÃ ng nÃ³i viá»‡c gÃ¬ Ä‘á»ƒ Ã½ sau cÅ©ng cÃ³ nÃªn cÃ´ng tÃ¢m Ä‘Ãºng hÃ¬ bÃ¡n phÆ°Æ¡ng hÃ ng ngÆ°á»i tá»‘t tÃ¡nh ngay.tháº±ng c a umongtat
Cáº£ tháº¿ giá»›i Ä‘á»u kÃ­nh trá»ng tháº§y Minh Tuá»‡ A Di Ä‘Ã  pháº­t
CÃ´ háº±ng ráº¥t Ä‘áº¹p
CÃ´ Æ¡i cÃ´ vÃªÌ€ maÌ€ chÄƒm chÃ´ng chÄƒm con chaÌu cÃ´ Ä‘i
MÃ¬nh xem lÃ­p Ä‘Ã³i rá»“i con máº½o Ä‘á»©ng ra keo gá»i
"NghÄ© mÃ  cá»© ngá»“i cÆ°á»i má»™t mÃ¬nh , nhÃ¬n tháº§y M T hÄƒm há»Ÿ Ä‘i kháº¥t thá»±c  , cháº£ biáº¿t Ä‘áº±ng sau á»“n Ã o , khen , chÃª , nÃ³i sáº¥u mÃ¬nh , cá»© hÄƒm há»Ÿ Ä‘i ."
Co hang ráº¥t Ä‘áº¹p.. nÃ³i thiá»‡t luÃ´n... cháº¯c má»™t há»“i cáº£ lÅ© u mÃª nháº£y vÃ o chá»­i tÃ´i kkkkk
"Con nÃ y nÃ³ giÃ u quÃ¡,do la che máº¯t quan háº¿t rá»“i "
Lá»i nÃ³i ko cÃ³ giÃ¡ trá»‹ ná»¯a
"Kkk sao thÃ­ch coi kÃªnh viá»‡t TÃ¢n váº­y ta, "
Uá»‘ng thuá»‘c cao liá»u vÃ o nha con khÃ¹ng.
BÃ  Háº±ng nÃ y cÃ³ biáº¿t gÃ¬ nhiá»u vá» sÆ° minh tuá»‡ Ä‘Ã¢u ngÆ°á»i Ä‘á»©ng sau lÆ°ng bÃ  Háº±ng nÃ y lÃ  Ã´ng DÅ©ng lÃ² vÃ´i vÃ¬ Ã´ng DÅ©ng lÃ² vÃ´i chá»‰ thá» chiáº¿n sÄ© vÃ  cÃ¡c vá»‹ tháº§n nhÆ°ng váº«n xÃ¢y chÃ¹a Ä‘á»ƒ lÃ m kinh doanh cho khu du lá»‹ch Ä‘áº¡i nam thÃ´i
ChÆ°a vÃ o tÃ¹ háº£ e
Xem kÃªnh lÃª thá»‹ miá»ƒn ráº¥t rÃµ rÃ ng báº±ng chá»©ng láº­p luáº­n chÃ­nh xÃ¡c. Táº­p Ä‘oÃ n Ã´ng tuá»‡ diá»…n liÃªn quan Viá»‡t TÃ¢n
LuÃ´n á»¦ng há»™ cÃ´ phÆ°Æ¡ng háº±ng 
Xuáº¥t ngÃ y lÃªn máº¡ng rá»“i thÃ¬ má»i thá»© sáº½ qua Ä‘i chi cÃ²n mÃ¬nh ta o láº¡i
CaÌi muÌƒi hiÌƒnh cuÌ‰a chiÌ£ rÃ¢Ìt Ä‘eÌ£p
PH tuyá»‡t vá»i
Xinh Ä‘áº¹p cÅ©ng lÃ  con Ä‘i tÃ¹ vá»
Chá»‹ thÃ¬ Ä‘áº¹p toÃ n diá»‡n trÃ­ Tuá»‡ Äáº¡o Äá»©c LÆ°Æ¡ng tÃ¢m Táº§m NhÃ¬n Xa NhÃ¬n  Rá»™ngvKo Ai NhÃ¬n ÄÆ°á»£c  Pháº£i CÃ³ Bá» TrÃªn Thá»•n Thá»©c Chá»‹ Pháº£i Váº¡ch Tráº§n Sai TrÃ¡i Tráº¯ng Äen Chá»— Äá»i SÃ¡ng Danh LÃ  Tháº¿ E TrÃ¢n QuÃ½ Chá»‹
Co chung cu gi ko sao vu khong vay chi he
Ba giong quy thay me ha' co dep gi dau ' moi lan len lÃ¡yim la noi toi dep kg quy vi (muon oi )..
"Giá»‘ng thá»‹ Ná»Ÿ mÃ  lÃºc nÃ o cÅ©ng cho mÃ¬nh Ä‘áº¹p , tÃ´i cáº£m tháº¥y má»¥ nÃ y bá»‹ Ä‘iÃªn"
Kháº©u nghiá»‡p luÆ¡n láº¹o
Loáº¡i may chá»‰ ngam máº¯m bá»‘n cÃ¢y
May dien ha phuong hang
Tháº§y nÃ o cÅ©ng váº­y mÃ 
Chuáº©n bá»‹ vÃ o láº§n 2 khÃ¹ng Æ¡i !
MÃ y nhÆ° con Ä‘iÃªn KhÃ´ng sai chÃºt nÃ o
Ä‘iÃªn rá»“i bÃ  hÄƒng Æ¡i
may nen nho gia dinh thay biet luat
Máº¯t Ä‘ong Ä‘Æ°a má»“m chuá»™t nÃ³i nhÆ° con Ä‘iÃªn
Tuyá»‡t Ä‘áº¹p
ChÃ¡n cho mÃ¡.Ã¡c miá»‡ng.váº­y mÃ  cÃ³ nhiá»u Ä‘á»©a ngu khoÃ¡i nghe báº£ nÃ³i
"Äá»©c Tháº¯ng TÃ i NhÃ  Cao Cá»­a Rá»™ng, TÃ i Tháº¯ng Äá»©c Danh Vá»ng tiÃªu tan, ngáº¡o máº¡n nhÆ° con dáº£ trÃ ng xe cÃ¡t Biá»ƒn ÄÃ´ng."
BÃ¢y giá» má»i ng giÃ¡c ngá»™ rá»“i nha dÃ¹ mÃ y cÃ³ nÃ³i vÃ¬ cháº³ng ai quan tÃ¢m má»™t con Ä‘iÃªn tá»‰nh
BÃ  nÃ y Ä‘iÃªn tháº­t rá»“i
Nghe nÃ³i cÃ´ bá»‹ bá»‡nh
Con Ä‘iÃªn cá»§a tháº» kÃ½
Hay qua c dep
BÃ  háº±ng nÃ y thÃ¢n vá»›i Viá»‡t TÃ¢n láº¯m má»›i nÃ³i vá»›i ba hang
Chá»‹ bá»›t nÃ³i sáº½ sang hÆ¡n. NÃ³i nhiá»u quÃ¡ thÃ nh nÃ³i xÃ m vÃ  nÃ³i báº­y.
"CÃ³ ai Ä‘i Äƒn trá»™m mÃ  loa lÃªn cho má»i ngÆ°á»i biáº¿t trÆ°á»›c ko má»i ngÆ°á»i.  Háº±ng ah, m chá»‰ dá»¥ Ä‘Æ°á»£c bá»n ngu thÃ´i"
Tuyá»‡t.vá»i quÃ¡ PH Æ¡i
ChiÌnh baÌ€ hÄƒÌ€ng laÌ€ viÃªÌ£t tÃ¢n
MÃ¡ Æ¡i sao mÃ¡ tá»± tin quÃ¡. MÃ¡ lÃ m sao báº±ng em Muá»™i Ä‘Æ°á»£c
Chuáº©n bá»‹ vÃ o t30 nhanh Ä‘i con lÆ°Æ¡n láº¹o...
CÃ¡i má» mÃ³m riáº¿t dÃ¹ng lÃ m gáº¡t tÃ n thuá»‘c Ã½ bÃ i
NgÃ y nÃ o con nÃ y k nÃ³i Ä‘c lá»i nÃ³i nhÆ° con Ä‘iÃªn nhÆ° váº­y cháº¯c nÃ³ sáº½ bá»‹ khÃ¹ng Ã¡
"KhÃ´ng hiá»ƒu  Ã½ Ä‘á»“ cá»§a Viá»‡t tÃ¢n Ã .muá»‘n chá»‘ng phÃ¡ VN ,vÃ¬  tháº¥y MT lÃ  bÃ¡u  váº­t cá»§a VN ná»—i tiáº¿ng cáº£ tháº¿ giá»›i  ,rá»“i Ä‘Ã¢y VN sáº½ lÃ  1 Ä‘áº¥t nÆ°á»›c du  lá»‹ch tÃ¢m linh Ä‘áº¥t Pháº­t.cho nÃªn bá»n pháº£n Ä‘á»™ng VT nÃ³ chá»‘ng phÃ¡ Ä‘áº·t Ä‘iá»u muá»‘n tiÃªu diá»‡t sÆ° MT.báº±ng  cÃ¡ch ghÃ©p tá»™i MT â€¦ "
Bi khÃ¹ng qua roi
CÃ¡i tháº±ng mÃ¬nh tuá»‡ nÃ³ cÃ³ pháº£i lÃ  sÆ° Ä‘Ã¢u mÃ  nhiá»u ngÆ°á»i u mÃª mÃª muá»™i
"Bá»›t cÃ¡i Ä‘i mÃ¡ Æ¡i ráº£nh quÃ¡ lo cho ck con Ä‘i mÃ¡, máº£ lÃ m riáº¿t ko ai Æ°a mÃ¡ háº¿t"
QuÃ½ dá»‹ xem Em má»—i ngÃ y má»™t Ä‘iÃªn náº·ng ko quÃ½ dá»‹..
Háº£y cáº©n trá»ng trong lá»i nÃ³i kg sáº» váº¡ Tá»« Miá»‡ng
CÃ¢n thÃ¢n láº¡i chÃ­ hÃ ng Æ¡i biáº¿t bao nhiÃªu ngÆ°á»i nÃºp bÃ³ng hÃ m.hai chá»‹ nháº¥t lÃ  Ä‘Ã¬nh lan
TÃ¢m sinh tÆ°á»Ÿng láº¥y tháº­t - náº¿u chá»‹ Háº±ng mÃ  tÃ¢m tÃ­nh tá»‘t thÃ¬ nhÃ¬n chá»‹ cÅ©ng Ä‘Æ°á»£c 6-7 Ä‘iá»ƒmâ€¦ tiáº¿c lÃ  tÃ¢m tÃ­nh chá»‹ sÃ¢n si nÃ³ lÃ m chá»‹ xáº¥u Ä‘i nhiá»u .???
máº¹ hÃ¡t con khen hay. vÃ´ duyÃªn
Ba nay moi lan toi cug ua ba nhug tu ngay ba di tu ve ba cay co tien noi nhiu noi dai thanh ra noi dai len toi kg thich xem ba
KhÃ¹ng náº·ng ai lÃ m ngÆ°á»i áº¥y chá»‹uâ€¦ ngÆ°á»i ta tháº¥y tháº§y minh tuá»‡ ná»•i tiáº¿ng nÃªn mÆ°á»£n danh tháº§y lÃ m chuyá»‡n khÃ´ng Ä‘Ãºng náº¿u cÃ³ Ä‘iá»u Ä‘Ã³. Tháº§y tuá»‡ bao nhiÃªu nÄƒm nay cÃ³ váº¥n Ä‘á» gÃ¬ Ä‘Ã¢u  chi nÃ³i nhiá»u quÃ¡ cÃ³ khi váº¡ miá»‡ng
Ráº¥t xinh Ä‘áº¹p
Con Ä‘iÃªn luyen thuyen
 Ä‘áº¹p thiá»‡t
Giá»‘ng nhÆ° ba cháº³ng
Máº¯c á»‰a quÃ¡ 
Nguyá»…n PhÆ°Æ¡ng Háº±ng mÃ£i mÃ£i Tuyá»‡t Vá»i
Toi tin cÃ³ PhÆ°Æ¡ng Háº±ng noi
"Tiáº¿p tá»¥c nha chá»‹ H, cÃ¡i nÃ y tui theo chá»‹ kkk"
Chá»‹ yÃªu xinh Ä‘áº¹p suáº¥t sáº¯c
Con khÃ¹ng tá»± cao.cho mÃ¬nh lÃ  Ä‘áº¹p.Ä‘áº¹p tháº¥y á»‘i
KhÃ¹ng quÃ¡
May giong nhu con khung ma dep gi nhin may tao muon oi dung la khung nang
Nhá»¥c nhÃ£ láº¯m thÃ´i Ä‘i tÃ¹ vá» mÃ  tinh tÆ°á»›ng
"MÃ¬nh tráº£ hiá»ƒu sao mÃ  cá»© chá»­i nhau vÃ¬ tháº§y minh tuá»‡ nhá»‰,tháº§y Ä‘i tu lÃ  buÃ´ng bá» háº¿t rá»“i.mÃ  má»i ngÆ°á»i cÃ²n ko tha cho Ã´ng ná»¯a.tá»± nÃ³i xáº¥u nhau xong láº¡i lÃ´i tÃªn Ã´ng ra nÃ³i lÃ  sao nhá»‰,cháº¯c nÃ³i tá»›i Ã´ng thÃ¬ nÃ³ ra tiá»n háº£ trá»i"
BÃ  Ä‘á»«ng cÃ³ nÃ³i nÄƒng lung tung lÃ m thao tÃºng lÃ²ng dÃ¢n Ä‘Ã³ bÃ  Æ¡i
váº«n khÃ¹ng
Ma thay dau keu ai giai cuu
LÆ°á»›c lÃªn lÃ  tháº¥y con Ä‘iÃªn   mÃªt gáº§n cháº¿t
Tá»± mÃ¬nh khen mÃ¬nh luÃ´n
NgÃ´ng cuá»“ng ngáº¡o máº¡n
Ráº¥t Æ° lÃ  Ä‘áº¹p
Bi chui nhieu qua.mat chay het roi
Kho ghÃª Ä‘i tu cÅ©ng k yÃªn
Ung ho  chi hang
Con náº§y náº·ng láº¯m rá»“i
"Cuá»“ng PhÆ°Æ¡ng Háº±ng hay cuá»“ng Minh Tuá»‡ thÃ¬ cÅ©ng Ä‘á»u lÃ  tÃ  Ä‘áº¡o, nÃªn trÃ¡nh cáº£ hai."
Khung qua roi ma nhap
Äáº¹p láº¯m
PhÃ¡t má»‡t..
Con Ä‘iÃªn
con  nao  doi  dien  viet  ve  an  lon  viet  nam
MÃ£i mÃ£i á»§ng há»™ NPH má»™t ngÆ°á»i phá»¥ ná»¯ dÃ¡m nÃ³i dÃ¡m lÃ m
Con ná»ng giÃ  khÃ¹ng khÃ¹ng
Äáº¹p  cÃ¡i gÃ¬ mÃ  cÃ³ ba Ä‘á»i chá»“ng váº­y vÃ  cÃ³ máº¥y loáº¡i con
Con khÃ¹ng nghiá»‡p quáº­t cÃ¡i tá»™i sÃ¢n si vá»›i ngÆ°á»i tu Ä‘áº£ buÃ´n bá» táº¥t cáº£ cÃ¡i miá»‡ng nhÆ° con Ä‘iÃªn
Háº±ng Æ¡i Ä‘á»«ng nÃ³i ná»¯a cÆ°ng cÃ ng nÃ³i thÃ¬ nghiá»‡p láº¡i Ä‘áº¿n vá»›i cÆ°ng
Há»a tá»« miá»‡ng mÃ  rra
BÃ  uá»‘ng lá»™n thuá»‘c kÃ­ch gÃ¬ váº­y
CÃ´ng Äƒn Ä‘Ã¢u vÃ o cuá»™c Ä‘i
Em mÃ£i Ä‘áº¹p trong trÃ¡i tim bÃ¡ tÃ¡nh
Äep áº¡
BÃ  khÃ¹ng bá»‹ Ä‘iÃªn
Bá»›t bá»›t láº¡i Ä‘i chá»‹ Æ¡i
2 vá»£ chá»“ng mÃ y nÃ³i ra chÃºng chá»­i ko mÃ  ko tháº¥y nhá»¥c sao
Ai cÅ©ng biáº¿t rá»“i tá»« khi chá»‹ cÃ²n á»Ÿ trong tÃ¹ cÆ¡.nhÃ¢n dÃ¢n viá»‡t nam k dá»… bá»‹ lá»«a Ä‘Ã¢u
TÃ´i luÃ´n tin tÆ°á»Ÿng nguyá»…n PhÆ°Æ¡ng Háº±ng  mong Mn tháº­t tá»‰nh tÃ¡o
ChÃ­nh quyá»n Ä‘Ã¢u ko báº¯t nhá»‘t con nÃ y láº¡i Ä‘á»ƒ nÃ³ nháº£y  nÃ³ phÃ¡ lÃ ng  ko chá»‹u ná»•i
MÃ y Ä‘áº¹p cÃ¡i gÃ¬ con giÃ 
LÃºc nÃ y tháº¥y bÃ  xÃ m xÃ­ Ä‘Ãº láº¯m rá»“i Ä‘Ã³
ÄiÃªn  náº·ng rá»“i
ÄÃºng lÃ  má»™t con nÃ³ láº¡i cÃ ng ná»¯a rá»“i
ba khung roi
Máº·t bÃ  nÃ y khÃ´ng cÃ²n phÃºc háº­u
LÆ°á»›t Ä‘Ã¢u cÅ©ng tháº¥y bÃ  nÃ y ra ráº£
"Con Ä‘iÃªn. ChÆ°a chÃ¡y báº±ng xÄƒng. Láº­t lá»ng, luon lÃ¨o lÃ  ban cháº¥t cá»§a mu."
Ä‘áº¹p láº¯m
ba máº¹ con khÃ¹ng
ÄÃºng nghe con háº¯ng nÃ³ nÃ³i chuyá»‡n cháº³ng buá»“n nghe
Äáº¹p kinh khá»§ng
Mai yeu phuong hang
BÃ  nghÄ© tÆ°á»Ÿng ai cÅ©ng ngu nhÆ° bÃ  Ã .cáº£ Ä‘áº¥t nÆ°á»›c tráº£ ai ngu giá»‘ng bÃ  Ä‘Ã¢u chá»‰ vÃ i con tÃ©p diu nÃ³ ná»‹nh bá»£ thÃ´i
COn Ä‘iÃª
Nghe Ä‘Ã¢u Ä‘áº§u
Ká»‡ máº¹ nÃ³ khÃ¹ng
"CÃ³ chá»“ng, cÃ²n mÃª trai rá»“i báº£o trai bá» bÃ¹a mÃª. CÃ³ DÅ©ng lÃ² vÃ´i má»›i nghe may chá»© ai mÃ  mÃ  tin ???0:00 / 0:18"
"CÃ  muá»‘n banh cÃ¡i app má»›i dc váº­y Ä‘á»ƒ máº·t má»™c coi ,hk y chan nhÆ° lÃºc á»Ÿ tÃ¹ , rÃ¡n Ä‘i thá»i  jan hk bao lÃ¢u ná»­a Ä‘Ã¢u, cÃ³ ngÆ°á»i táº·ng láº¯c báº¡c cho bÃ  nÃ¨"
Báº¡n nÃ o bá»‹ lá»«a tiá»n qua máº¡ng Ä‘áº§u tÆ° sÃ n Ä‘iá»‡n tá»­ lÃ m nhiá»‡m vá»¥ chá»‘t Ä‘Æ¡n nháº­n hoa há»“ng vá»›i nhiá»u hÃ¬nh thá»©c khÃ¡c nhau Thiá»‡t háº¡i sá»‘ tiá»n lá»›n mÃ  khÃ´ng rÃºt ra Ä‘Æ°á»£c nháº¯n tin mÃ¬nh cho cÃ¡ch láº¥y láº¡i .MÃ¬nh tá»«ng bá»‹ vÃ  Ä‘Ã£ láº¥y láº¡i Ä‘Æ°á»£c rá»“i
ThÃ´i mÃ¡ Æ¡i. Con nhÃ¬n mÃ¡ tháº¥y muá»‘n á»‘i ah
Ã”i Ä‘oi lÃ  vÃ´ thÆ°á»ng láº¯m Ä‘áº¹p khá»i cháº¿t khÃ´ng quÃ¡ ngÃ£ máº¡ng rá»“i
MÃ£i yÃªu ph háº±ng mÃ£i Ä‘á»‰nh
Pháº£n Ä‘á»™ng
Con thuyÃªn thuyÃªn
CÃ¡i miá»‡ng bÃ  bá»›t Ä‘i
"CÃ¢u nÃ³i nÃ y khÃ¡c nÃ o tá»± láº¥y dÃ¢y trÃ³i mÃ¬nh ,Ä‘Ãºng lÃ  con Ä‘iÃªn ."
Con má»¥ Ä‘iÃªn Nghe nÃ³i mÃ  muá»‘n Ã³i ...
ThÃ´i Ä‘i bÃ  Æ¡i tha cho á»•ng Ä‘i Ä‘á»ƒ á»•ng tu
Mong cqcn vao cuoc Ä‘Ãª cho nd biet ro trÄƒng Ä‘en chu Ä‘Ãª ba nay len mang xuyen tac lam cho nd hoang mang ko biet ai Ä‘ung ai sai mong ca vao cuoc lam ro
Sao quÃ¡ chi oi
Bá»›t kháº©u nghiá»‡p lay Ä‘i mÃ¡ nÃ³i nhiá»u máº¥t hay
Chi hang dep
MÃ¡ máº¯c Ã³i em Ä‘áº¹p khÃ´ng quÃ½ dá»‹
Há»p thiÃªn Ä‘Ã¬nh hay Ä‘á»‹a ngá»¥c
PhÆ°Æ¡ng Háº±ng lÃ  OK nháº¥t 
Dep nhung bi khung
CÃ´ mÃ£i Ä‘á»‰nh
á»ª máº¹ tháº¥y con Ä‘áº¹p nhÆ° cÃ¡i bt hihi
MÃ¬nh Tuá»‡ má»™t thÃ¢n má»™t mÃ¬nh tu táº­p khÃ´ng tham sÃ¢n si Háº°NG TÃ‚M THáº¦N ÄÃCH THá»Š LÃ€ NGÆ¯á»œI Cá»¦A VIá»†T TÃ‚N  HAâ€¦
NhÆ°ng lÃ²ng ko Ä‘áº¹p
Bá» vÃ´ máº·t cáº£ 100k má»›i Ä‘Æ°á»£c nhÆ° váº¡y
Cho vÃ o tÃ¹ cho xáº£ há»™i Ä‘c yÃªn
NÃ³i Ã­t giá»¯ láº¡i chÃºt nhÃ¢n cÃ¡ch!!!
Náº·ng láº¯m luÃ´n
Vay tÆ°Æ¡ng cháº¿t rá»“i chá»©
Con Ä‘ien
"Ngá»“i á»Ÿ trong Ä‘áº¡i nam nÃ³i chuyá»‡n á»Ÿ bÃªn Má»¹, tÃ o lao"
"Cho con nÃ y vÃ o T30 tiáº¿p cho xh bÃ¬nh yÃªn, chÃ­nh nÃ³ lÃ m cho Ä‘áº¥t nÆ°á»›c chia ráº½ máº¥t Ä‘oÃ n káº¿t gÃ¢y rá»‘i xh â€¦"
"Mai   Máº£i    YÃªu   CÃ´   Háº±ng    Kg   Há»   Thai   Äá»•i,    Sau   NÃ y    LoÃ i     Ra    1   ChÃ¹m     LÃºc    Äo   Lu    No    Nhá»¥c     Máº¡t    Het"
"Váº­y lÃ  chá»‹ muá»‘n quáº¥t tháº¿ lá»±c lá»£i dá»¥ng Ä‘áº±ng sau s kiá»‡n Ã´ng MT, mÃ  lá»‘n ná»i nÃ³i lá»™n kiá»ƒu gÃ¬ Ä‘á»ƒ cÄ‘m hiá»ƒu lÃ  nháº¯m Ä‘áº¿n quáº¥t Ã´ng MT rá»“i cÄ‘m quay lÆ°ng háº¿t trÆ¡n váº­y trá»i"
NhÆ° há»“ ly tinh.
RÃ¡ng Ä‘áº¹p Ä‘i
TÆ°Æ¡ng  lai  vÃ´  tráº¡i  ná»¯a
Con khÃ¹ng
Con há»£m hÄ©nh!!
Cháº¥p nháº­n chÆ¡i mÃ  cháº¡y lÃ²ng vÃ²ng váº­y chá»‹ Háº±ng :))))
XÃ m lol
Con nÃ y . ÄiÃªn rá»“i .
Giá»‘ng con khÃ¹ng
CÃ´ Ä‘áº¹p
Con Ä‘iÃªn
ÄÃºng lÃ  con cÃ  cuá»‘ng cháº¿t Ä‘áº¿n Ä‘Ã­t mÃ  váº«n cay
"NÃ³ tá»• chá»©c ká»‡ má»‹a nÃ³ , má»¥ dag q.cÃ¡o cho tháº±ng youtube gáº¥c viá»‡t"
Nhiá»u chuyá»‡n dá»¯.Chuyá»‡n mÃ¬nh thÃ¬ Ä‘ang lo sá»‘t giÃ³ mÃ  váº«n cÃ²n ÄAM MÃŠ buÃ´ng chuyá»‡n háº¡i ngÆ°á»i 
Sao mÃ y khÃ´ng lo chuyá»‡n nhÃ  mÃ y .mÃ y cá»© lo viá»‡c Ä‘Ã¢u Ä‘Ã¢u lÃ m gÃ¬
Con nÃ y cháº¿t á»Ÿ cÃ¡i má»“m
Con Ä‘iÃªn Ä‘iáº¿c tai
Con nÃ y bá»¯a nay khá»§ng náº·ng láº¯m rá»“i.
Vá»«a  Ä‘iÃªn    láº¡i thiáº¿u vÄƒn hÃ³a
QuÃ¡ tuyá»‡t vá»i
Äepij nhÆ°ng nÃ³i Ã­t hÆ¡n cÃ²n Ä‘áº¹p hÆ¡n
CÃ³. Tháº­t. Hay. LÃ . Máº¡ng. GhÃ©p hÃ¬nh. BÃ .  HÃ ng
Con Ä‘iÃªn
sao cá»© lÆ°á»›t qua gáº·p máº¥y cÃ¡i clip nhÆ¡ nhuá»‘t náº§y váº­y ta
LÃºc nÃ o em cÅ©ng Ä‘áº¹p
Chuáº©n quÃ¡.
Chuyá»‡n hoANg Ä‘Æ°á»g
Bá»‘ con Ä‘iÃªn
Con ngu ms vá» chua hiá»ƒu chuyá»‡n lÃªn Ä‘ay phÃ¡t biá»ƒu báº­y báº¡ rÃ´i.
"Äá»¥ng Ä‘áº¿n tháº§y Tuá»‡ thÃ¬ tÆ°Æ¡ng lai ko tá»‘t Ä‘Ã¢u,hÃ£y quay Ä‘áº§u lÃ  bá».tÃ¢m linh ko Ä‘Ã¹a Ä‘c Ä‘Ã¢u"
"Trá»i Æ¡i, kinh khá»§ng quÃ¡, khuÃ´n máº·t nÃ y mÃ  cÃ³ tÃ¢m thiá»‡n ko mn?"
VÃ¬ ai ra NÃ´ng ná»•i nÃ y dzáº­y Tá»i??
MÃ¡ khÃ¹ng giá»¯ thiá»‡t c
Cá»© nÃ³i lung tung lÃ m thao tÃºng lÃ²ng dÃ¢n
Dáº¡o nÃ y bÃ  xÃ m quÃ¡
Mai Mai Kinh Trong YÃªu Quy CÃ´ Hang 111111111 LOVE
VT há»p mÃ  Ä‘Äƒng YouTube buá»“n cÆ°á»i giá»¯ trá»i.
BÃ³ tay
Con Ä‘iÃªn
Tháº§y chÃ¹a cÃ²n mÃª
BÃ  nÃ y náº±m mÆ¡ ná»¯a háº£
Con nÃ y trÆ°á»›c sau gÃ¬ cÅ©ng lÃ£nh háº­u quáº£ khá»§ng khiáº¿pâ€¦bá»‡nh táº­tâ€¦ung thÆ°â€¦
bÃ  háº¿t há»“ Ä‘á»“
Con Ä‘iÃªn
Con khÃ¹ng Ä‘iÃªn cuá»“ng gi tÃ¬nh
KhÃ¹ng quÃ¡ Ä‘i ba Æ¡i
con Ä‘iÃªn
máº¯c Ã³i quÃ¡
"kÃªnh cÃ´ Háº±ng nÃ³i tÃªn gÃ¬ váº­y chá»‹ gÃ¡i ? â€œÄáº¥t Viá»‡tâ€, â€œRáº¥t Viá»‡tâ€ hay? Do em search YouTube ko ra, em xin link kÃªnh Ä‘Ã³ nhÃ©!"
QuÃ¡ sá»£
Con Ä‘iÃªn
Máº§y Ä‘Ãºng lÃ  con khÃ¹ng háº¿t thuá»‘c chá»¯a
Má»‡t quÃ¡
Con Ä‘iÃªn
Con mu giÃ  diÃªn láº·ng
ThÃºi chá»© Ä‘áº¹p gÃ¬
YÃªu chá»‹ nháº¥t nháº¥t
Ráº¥t chuáº©n váº«n tin PH nhÆ° ngÃ y nÃ o
Bá»‡nh tÆ°á»Ÿng
BÃ  cÃ ng nÃ³i bÃ  cÃ ng khÃ¹ng
KhÃ¹ng. LÃ m gÃ¬ giáº£i cÃº
máº·t Ä‘áº§y sáº¯c khÃ­
Xinh nhÆ° yÃªu tinh
Tau mÃ  cÃ³ tiá»n nhÆ° mi khÃ´ng ai dÃ¡m chá»­i tao vÃ¬ tao khÃ´ng nhÆ° mi
BÃ  VT lÃ  thÆ° kÃ½ cá»§a tháº±ng TNT
Con Ä‘á»™ng kinh
VHY Ä‘ang chá»  kÃ¬a
PhÃ¡t ngÃ´n bá»«a bÃ£i
TÃ o lao quÃ¡ trá»i
Hoang     Kim    Dung   .   Äinh   Lan   .   7  gÃ    .  LÃª  Minh   .   Chuáº©n    Bá»‹   Qua   Táº¿t      NÃ¨    CÃ¡c    Con
BÃ  2 lá»i
Chá»‹ Háº±ng nÃ³i tháº­t lÃ  chÃ­nh xÃ¡c luÃ´n chÃºc má»«ng cho nhá»¯ng ngÆ°á»i nÃ o mÃ  biáº¿t niá»‡m nam mÃ´ a Di ÄÃ  Pháº­t nam mÃ´ a Di ÄÃ  Pháº­t nam mÃ´ a Di ÄÃ  Pháº­t nam mÃ´ a Di ÄÃ  Pháº­t nam mÃ´ a Di ÄÃ  Pháº­t nam mÃ´ a Di ÄÃ  Pháº­t nam mÃ´ a Di ÄÃ  Pháº­t
YÃªu chá»‹ Háº±ng mÃ£i
TÃ¢m tháº§n
KhuÌ€ng rÃ´Ì€i haÌ‰
KhÃ¹ng máº¹ rá»“i .
Xem lÃ¢u rÃ´Ì€i mÆ¡Ìi thÃ¢Ìy con khuÌ€ng taÌ€o lao
ThÃ´i mÃ y cÃ¢m  cÃ¡i má» vÃ o
Ph Ä‘áº¹p mÃ£i
MÃ£i mÃ£i yÃªu máº¿n Nguyá»…n PhÆ°Æ¡ng Háº±ng
Tháº§n kinh tá»Ÿm 
Con Ä‘iÃªn
Tui váº«n tÃ´n trong chá»‹? Tui OK chá»‹
con dien
BÃ  diá»‡u ngoa sao tráº£
Con khÃ¹ng
Chi oi dung co bia chuyen nua
con Ä‘iÃªn
Khung quÃ¡
Con nay sam qua
nhÃ¬n máº·t con nÃ y Ã¡c láº¯m .
CÃ nh nÃ o cÅ©ng báº±ng phÃ¡i cá»§a nhÃ  bÃ  háº¿t Ã¡
Äáº¹p nhÆ°  cÃ¡i  thep
Con khá»§ng
BÃ³ tay
CÃ¡i gÃ¬ cÅ©ng biáº¿t
Troi nghe nham chan sao
con khÃ¹ng vÃ´ t30 láº¡i nha
Con Ä‘iÃªn
Ba xáº¡o quÃ¡!
Con Ä‘iÃªn tÃ¬nh
Con khÃ¹ng
"CÃ²n Ä‘iÃªn ,"
Äáº¹p nhÆ° yÃªu tinh
Con Ä‘iÃªn
"QuÃ­ zá»‹ cÃ³ tháº¥y tÃ´i Ä‘áº¹p hÃ´ng, tá»Ÿm vÃ£i l, sao mÃ y khÃ´ng há»i vÃµ hoÃ ng yÃªn SÃ i háº¿t 183 tá»i mÃ  em dáº¡i trai lÃªn gá»‘i cho vÃµ náº±m yÃªn kkkk"
Chj Ä‘áº¹p giá»‘ng nhÆ° Chj háº±ng trÃªn cung trÄƒngEm xin phÃ©p Ä‘Æ°á»£c gá»i Chj lÃ Háº±ng Nga tiÃªnâ€¦ 
Con Ä‘iÃªn
Con Ä‘iÃªn
CEO Ráº¤T BÃ‰N CEO Æ I
Ba Ä‘áº¹p giá»‘ng conquy cÃ¡i yÃªu tá»‰nh
Minh tuá»‡ tu hÃº..
QuÃ¡ gian
BÃ  Ä‘áº·t chuyÃªn vÃ´ há»™p gáº¥p Ä‘i xÃ m xÃ¬
Tmt cÃ³ lÃ m gÃ¬ cho cÃ´ hÃ¡ cÃ´ puÃ¡ Æ° lÃ  sÃ¢n si
áº¾ch cháº¿t do cÃ¡i gÃ¬ ai cÅ©ng biáº¿t
Con khÃ¹ng
Ráº¥t tin chá»‹
Thá»i khung kiá»‡n bÃ 
Con khuÌ€ng khuÌ€ng  Ä‘iÃªn Ä‘iÃªn
Con má»¥ lÆ°Æ¡n láº¹o
QuÃ¡ má»‡t
CÃ¡i mÃµ mÃ y Ä‘á»«ng há»i táº¡i sao
Tui tháº¥y ko  Ä‘áº¹p láº¯m.....nhá»©t lÃ  cÃ¡i nÃ©t cá»§a e
KhÃ¹ng
Con ÄiÃªn
Con cc Ä‘iÃªn
Ph tuyá»‡t vá»i
Giáº£i cá»©u mt kkkk
Con me mÃ¢y
tuyá»‡t vá»i..
Con khÃ¹ng
im láº·ng lÃ  vÃ ng
Ga dang sang thoi may oi
Con Ä‘iÃªn
Con Ä‘iÃªn
Sao l quÃ¡ Ä‘i
Con tháº§n Kinh
Con Ä‘iÃªn
Con khÃ¹ng
CÃ´ háº±ng mÃ£i Ä‘á»‰nh
Cuá»“n cuá»™n cuá»™n cuá»™n sao 0 trÃ´i Ä‘i nhá»‰
Sá»­a nhiÃªu Ä‘iáº¿c tai
Ã”i Ã´i VT ghÃª gá»›m quÃ¡
ThÃ´i jk mÃ¡ Æ¡i mÃ¡ nÃ³i xÃ m quÃ¡
Khung háº¡ ba
Sao bÃ  ko dÃ¡m nÃ³i Ä‘áº¿n ma tÄƒng nhá»‰?
KhÃ¹ng quÃ¡
Co ai bit cÃ¡ch cháº·n má»¥ nÃ y Ko chá»‰ Em vá»›i áº¡
Chá»‹ nÃ³i chá»‰ cÃ³ chuáº©n
Äáº¹p nhÆ° con rá»“
Giong con khung
Sao lÃºc nÃ o cÅ©ng nÃ³i mÃ¬nh Ä‘áº¹p.
Gáº¥c  Viá»‡t  Ä‘Æ°á»£c cÃ´ Ä‘á»c  tÃªn  vui ghÃª  mai má»‘t  cÃ´  Ä‘i Ä‘Ã¢u  cÃ´ nhá»›  cho Gáº¥c  Viá»‡t  vÃ   KTÄ Ä‘i chung cho vui
Giá» da qua tá»›i Má»¹
Con khÃ¹ng
CÃ ng ngÃ y tháº¥y khÃ¹ng náº·ng
TÃ o lao quÃ¡
Son qháº¥n mÃ .
CÃ¡i má» quÆ¡ miáº¿t
Wa Ä‘áº¹p
MÃ¡ Æ¡i?? MÃ¡ Ä‘i xa quÃ¡ rá»“i 
Con ÄiÃªn !
Ai tin mÃ y ná»¯a con khÃ¹ng.
Giá»‘ng con cá»p
Äáº¹p giá»‘ng gÃ¡i md
Con Ä‘ien
mÃ£i  yÃªu  ung ho n p h
Äang á»‰a cháº£y
Äáº¹p nhÆ° con gáº¥u
chuyá»‡n ko nÃ³i cÃ³
ChuÃ¢Ì‰n luÃ´n Ä‘Ã¢y em Æ¡i!
Con Ä‘iÃªn
Con Ä‘iÃªn
Cáº·p máº¯t con Háº±ng nhÃ¬n giá»‘ng cáº·p máº¯t cá»§a Ä‘Ã m vÄ©nh hÆ°ng lÃ© lÃ©
"KhÃ¹ng,,,nÃ³i nháº£m,,,kkjk"
HIHIHIHIHIHI  CHá»Š HG  Ráº¤T  ÄÃNG  YÃŠU  ÄÃNG KÃNH
Nhá»©c Ä‘áº§u
"NhÃ¬n máº·t vÃ  nghe giá»ng nÃ³i Ä‘Ã£ tháº¥y ko nhÃ¢n Ä‘áº¡o rá»“i ,váº¡y mÃ  lÅ© ccc váº«n ca tá»¥ng cc giÃ  váº¡y ."
Con Ä‘iÃªn
Nhiá»u chuyá»‡n kinh há»“n
Vua khá»‘ng
Tao Ä‘ang xem cÃ¡i Ä‘Ã©o gÃ¬ tháº¿ nÃ y
"NÃ³i riáº¿t tháº¥y xÃ m ghÃª, máº¥t uy tÃ­n"
Con khuÌ€ng
Ä‘á»“ khÃ¹ng
Xau mÃ  nhieu chuyen
1 con giÃ  Ä‘iÃªn khÃ¹ng
Uong thuoc chua
Con Ä‘iÃªn
XÃ m sáº¡o
KhÃ¹ng rá»“i khÃ´ng cÃ³ thuá»‘c chá»¯a Ä‘Ãºng lÃ  khÃ¹ngï¿¼
Con yÃªu tinh
Sau Tao khÃ´ng tháº¥y con ngu
TrÃ´ng nhÆ° con cÃº mÃ¨o
KhÃ©o láº¡i dáº¥u ?????
Tao lao
Ba nay trao tro qua
ChÃºc  cÃ´  khá»e  máº¡nh
Con khÃ¹ng
HÃ£y vcl
NgÆ°á»i tÃ¹ kiáº¿m chuyá»‡n ngÆ°á»i tu. NgÆ°á»i tu cháº³ng biáº¿t ngÆ°á»i tÃ¹ lÃ  ai. T30.
Äá»“ Ä‘iÃªn
XÃ m xÃ­
ÄiÃªn
BiÃªÌn.. lÃªn maÌ£ng thÃ¢Ìy baÌ€ giaÌ€ naÌ€y thÃ¢Ìy nÃ´Ì‰i loaÌ£n cÃ´Ì£ng Ä‘Ã´Ì€ng maÌ£ng. CaÌ€ng ngaÌ€y caÌ€ng xaÌ€m mÃ¢Ìt Ä‘i giaÌ triÌ£
máº¹ khÃ¹ng
XÃ m.khung
Con khung
"Xinh nhÆ° cÃ¡i ..,,"
sao má»¥ nÃ y láº¯m má»“m thá»ƒ
Ba Ä‘áº¹p nhÆ° con mÃ¨o mÆ°á»›p
Máº¯c ma
Con nÃ y quÃ¡ Ä‘iÃªu thuyá»n bá»‹a chuyá»‡n Ä‘áº¹p hÆ¡n con Ä‘iÃªn tÃ½
Äep cc
Tháº­t khÃ´ng ...
Con máº¥t dáº¡y báº¥t trá»‹
Cc tháº§n kinh
Con Ä‘iÃª n
"Láº¡i bÃ³p mÃ©o cÃ¢u chuyá»‡n, chÃ¡n..."
Bá»›t cÃ¡i miá»‡ng chÃºt lÃ  OK
Con Ä‘iÃªn
Má»¥ bá»›t sÃ¢n si Ä‘i
Mac ia qua
KhÃ¹ng
I'm má»“m
Con khÃ¹ng
Con má»¥ nÃ y rá»“i láº¡i Ä‘i xa thÃ´i
Sau bao Ä‘áº¯ng cay thÃ¬ cÃ´ háº±ng cÃ ng ngÃ y cÃ ng quáº¥t k trÆ°Æ¡Ì£t  Ä‘Ã¢u .
Con khÃ¹ng
Äáº¹p vÃ£i luÃ´n
Con láº¡y mÃ¡
KhÃ¹ng.
NÃ³i nhÆ° con khÃ¹ng!!! Äá»©a lÃªn 3 nÃ³ nghe bÃ  nÃ³i cÅ©ng tháº¥y Ä‘Ã©o cÃ³ lÃ­ ná»¯a kÃ¬a! Dm viá»‡t tÃ¢n nÃ³ tá»• chá»©c cuá»™c há»p Ä‘Ã²i láº­t Ä‘á»• chÃ­nh quyá»n thÃ¬ ai cÅ©ng tin ah??? Vt nÃ³ cÃ³ uy tÃ­n tá»« lÃºc nÃ o váº­y trá»i????
KhÃ¹ng khÃ¹ng
ChÆ°a khi nÃ o tháº¥y máº·t má»™c cá»§a chá»‹
KhÃ¹ng
YÃªu cÃ´
Ráº¯c máº¥t quÃ¡
ÄiÃªn
DM con nho nÃ y
KhÃ¹ng
"Chuyá»‡n má»¹ nÃ³ Ä‘áº¥u tranh nhÃ¢n quyá»n toÃ n tháº¿ giá»›i lÃ  bÃ¬nh thÆ°á»ng mÃ  , cÃ³ gÃ¬ mÃ  gÃ o thÃ©t váº­y ???"
Tuyá»‡t vá»i quÃ¡ Háº±ng Æ¡i  Ä‘Ãºng 100%100 nhÃ©
Tá»« tá»« rÃ¹i mÃ y Ä‘i
Má»‡t má»i
KhÃ¹ng lÃ¢u
"Má»¹ thá»«a VN mÃ  ,sao pháº£i xem ?"
Táº¡i sao pháº£i giáº£i cá»©u ThÃ­ch Minh Tuá»‡ Váº­y con mÆ¡ mÆ¡ mÃ ng mÃ ng?
Chá»‹ lÃºc nÃ o cÅ©ng Ä‘áº¹p . Chá»‰ bá»n ganh tá»‹ vá»›i chá»‹ NhÆ°ng toÃ n nhá»¯ng ngÆ°á»i khÃ´ng báº±ng chá»‹ . KhÃ´ng há»c anh chá»‹ lÃ m giÃ u . GiÃºp ngÆ°á»i giÃºp Ä‘á»i . ToÃ n há»c chá»­i ngu khÃ´ng . MÃ£i yÃªu ngÆ°á»i phá»¥ ná»¯ VN máº¡nh máº½ .NPH
VT nÃ³ lá»£i dá»¥ng vÃ  chá»‘ng phÃ¡ cÃ³ láº¡ gÃ¬ Ä‘Ã¢u....cÃ²n chá»‹ nÃ³i VT tiáº¿p cáº­n chá»‹ mÃ  chá»‹ ko bÃ¡o cÃ¡o CQ lÃ  viá»‡c khÃ¡c chá»‹ nhÃ©
ÄÃ£ báº£o lÃ  hÃºt Ã­t thÃ´i
Gá»›m
KhÃ¹ng.
Con khÃ¹ng
XÃ m L
khung
Xao lÆ¡' 
Khung
XÃ m z
MÃ y khÃ¹ng
Äá»ƒ cho ngÆ°á»i ta tu Ä‘i cÃ¡i má» nhÆ°ng chuá»™t láº¯c ï¿¼ï¿¼
Xinh
Ã¡c
MÃ¡ Æ¡i
CÃ¡i gÃ¬ bÃ©n kkk?
Ba na tu ba bj dien roi ha..
Bá»‹a chuyá»‡n hay quÃ¡
Ai ghet ke me bay bay chui ke me bay tao yeu thuong co la duoc ok
Biáº¿n
Con lá»™n
Con khÃ¹ng
Con nÃ y nÃ³ kÃ­ch Ä‘á»™ng báº¡o loáº¡n nhÃ  nÆ°á»›c pháº£i cÃ³ biá»‡n phÃ¡p ngÄƒn cháº·n . Äá»ƒ con nÃ y lá»™ng ngÃ´n quÃ¡ nguy hiá»ƒm cho xÃ£ há»™i ...
TrÃºng káº¿ dÅ©ng bá»‹ cáº¥m sá»«ng trÃ¢u rá»“i cÃ ng nÃ³i nhiá»u vÃ o cÃ ng vÃ o tÃ¹ sá»›m nÃ³ Ä‘Æ°a vk vÃ o tÃ¹ láº§n 2
Äau Ä‘áº§u
MÃ y vÃ´ An PhÆ°á»›c mÃ y á»Ÿ cho dÃ¢n nÆ°á»›c Viá»‡t Nam chÃºng tao yÃªn á»•n vá»›i
CÃ¡i con Ä‘iÃªn nÃ y pháº£i cho nÃ³ vÃ o tÃ¹ 1 láº§n ná»¯a vÃ¬ Ä‘Ã£ lÃ m XH báº¥t á»•n. 1 pháº¡m nhÃ¢n má»›i ra tÃ¹ váº«n cÃ²n Ã¡n tÃ­ch.
Thua
Tui xin nÃ ng
"Gáº¥c Viá»‡t ráº¥t giá»i tiáº¿ng anh, nghe Ä‘Æ°á»£c kÃªnh bÃªn Má»¹ nÃ³i báº±ng tiáº¿ng Anh luÃ´n!"
KhÃ¹ng
BÃ  nÃ y toÃ n bá»‹a chuyá»‡n nÃ³i xáº¥u ngÆ°á»i khÃ¡c Ä‘á»ƒ cho há» Ä‘i tÃ¹. NhÆ°ng ko cÃ³ báº±ng chá»©ng mÃ  cá»© vu oan vu khá»‘ng má»i chuyá»‡n cho ngÆ°á»i ta. ThÃ¬ bÃ  pháº£i tráº£ giÃ¡ Ä‘i tÃ¹ thÃ´i. NhÃ  nÆ°á»›c mÃ  ko dáº¹p bÃ  nÃ y thÃ¬ Ä‘áº¥t nÆ°á»›c sáº½ bá»‹ loáº¡i. VÃ¬ cá»© nghe bÃ  nÃ y nÃ³i xÃ m lÃ  dÃ¢n vá»›i vÆ°aâ€¦ 
CÃ³ ai Ä‘á»¥ng Ä‘áº¿n  má»“ tá»• nhÃ  nÃ³ ko  MÃ  nÃ³ tru tá»‘i ngÃ y ?
"Quáº£ nÃ y Ä‘iá»u tra bÃ  kia ko pháº£i Vá»‹t xiÃªm thÃ¬ kháº£ nÄƒng quay láº¡i t30 ráº¥t cao váº«n tá»™i 331, vu khá»‘ng."
Ná»©ng
Má»“m láº¹m cáº±m mÃ  tá»± cao
Xam
LÃ¡t
"ğ—›ğ—”ğ—£ğ—£ğ—¬ ğ—›ğ—”ğ—Ÿğ—Ÿğ—¢ğ—ªğ—˜ğ—˜ğ—¡ ğŸ¯ğŸ¬-ğŸ¯ğŸ­/ğŸ­ğŸ¬   CÃ¹ng  ""ğ¾ğ¼ğ‘ğºğµğ¸ğ¸ğ‘… 85 "" Ä‘Ã³n chá» má»™t Ä‘Ãªm lá»… há»™i  ğ™ƒğ˜¼ğ™‡ğ™‡ğ™Šğ™’ğ™€ğ™€ğ™‰  vá»›i sá»± gÃ³p máº·t hÆ¡n  ğŸ­ğŸ¬ğŸ¬ nhÃ¢n váº­t má»™t sá»± kiá»‡n Ä‘áº·c biá»‡t chÆ°a tá»«ng cÃ³ sáº½ diá»…n ra nÄƒm nay .Trong Ä‘Ãªm  ğŸ¯ğŸ¬/ğŸ­ğŸ¬ tháº¿ thÃ¢n ğ—”ğ—©ğ—”ğ—§ğ—”ğ—¥  nhÃ¢n váº­t Ä‘áº·c biá»‡t Ä‘Ãªm ma quÃ¡i sáº½ lÃ  ai hÃ£y cÃ¹â€¦ "
"PhÆ°Æ¡ng há» nuÃ´i vá»‹t tÃ¢n rá»“i lÃªn bÃ´ bÃ´ mÃµm, láº¥y khÄƒn lau nÆ°á»›c máº¯t rá»“i Ã´m áº¥p láº­t lá»ng"
"Bá»‹ máº¥t lÃ²ng tin cá»§a dÃ¢n háº¿t rá»“i,toÃ n tin bá»‹a Ä‘áº·t"
Má»i cÃ¡c báº¡n vÃ o xem kÃªnh tictop thÃ­ch nguyÃªn  tÃ¡nh biáº¿t háº¿t sá»±  tháº­t  vá»  LÃª anh tÃº
Kkk
NPH mÃ£i Ä‘á»‰nh vÃ  mÃ£i Ä‘áº¹p
XÃ m
Máº¥y con ná»‹nh bá»£ phÆ°Æ¡ng háº±ng ..nghe phÆ°Æ¡ng háº±ng xÃ m lá»“n ..váº­y mÃ  cÅ©ng nghe theo lá»i nÃ³.. Ko biáº¿t cÃ³ há»­i lá»“n. Äc gÃ¬ ko mÃ  cÅ©ng bÃªnh nÃ³ dá»­ Ã  nhen
Con nay nÃ³ phÃ¡t ngÃ´n quÃ¡ ngá»¥y hiá»ƒm cho chÃ­nh trá»‹ vn rá»“i mong cÆ¡ quan chÃ­nh quyá»n vÃ o cuá»™c dáº¹p ngay Ä‘i Ä‘á»«ng Ä‘á»ƒ nÃ³ Ä‘i xa quÃ¡ rá»“i máº¥t uy tin Ä‘áº£ng csvn cÃ²n nÃ³ vi pháº¡m sáº½ vÃ o tÃ¹ k sÆ°á»›ng thá»‹ muá»™n nhÃ  nÆ°á»›c tá»‘n tiá»n nuÃ´n nÃ³ Äƒn theo tÃ´i lÃ  dáº¹p nÃ³ sá»›m Ä‘i
MÃ y cÃ¢m máº¹ má»“m cÄƒc mÃ y Ä‘i
Äi tráº¡i giam vá» cÃ´  tá»‰nh dáº­y tháº¥y Ä‘Æ°á»£c nhiá»u. CÃ´ng nháº­n cÃ´  giá»i ko sá»£ ai Ã´ng trá»i cÃ´ cÃ²n  ko tha
Con khÃ¹ng cÃ ng nÃ³i cÃ ng khÃ¹ng
  cáº§n Ä‘iá»u tra vá»¥ viá»‡c
"Cáº©n tháº­n Ä‘á» phÃ²ng coi chá»«ng bá»n ghen tá»µ, Ä‘á»‘i ká»‹ tÃ¬m cÃ¡ch háº¡i cÃ´ nha cÃ´. NÃºp lÃ¹m khÃ³ Ä‘á» phÃ²ng"
PhÆ°Æ¡ng Háº±ng mÃ£i Ä‘á»‰nh mÃ£i mÃ£i Ä‘á»‰nh 
Cáº£m Æ¡n em Ä‘Ã£ khai sÃ¡ng cho Ä‘á»“ng bÃ o trong vÃ  ngoÃ i nÆ°á»›c  Ä‘Ã£ biáº¿t háº¿t sá»± tháº­t vá» LÃª anh tÃº
ChÃ­nh quyá»n Ä‘Ã¢u vÃ o cuá»™c báº¯t cá»­a hÃ ng Ä‘á»ƒ Ä‘iá»u tra vá»¥ viá»‡c Ä‘á»ƒ xem PhÆ°Æ¡ng Háº±ng pháº£n Ä‘á»™ng khÃ´ng Bá»n Viá»‡t TÃ¢n Viá»‡t Nam lÃ m gÃ¬ mÃ  kiá»‡n Viá»‡t Nam con nÃ y Ä‘iÃªn náº·ng rá»“i NÃ³ Ä‘ang pháº£n Ä‘á»™ng rá»“i
"Cuá»™c chiáº¿n phÃ¡p lÃ½ báº¯t Ä‘áº§u vá»›i bá»n xá» lÃ¡ 3 que sau Ä‘Ã¢y : HoÃ ng kim dÆ¡ ( giun ) , lÃª minh ( Ä‘Ã£ biáº¿t sá»£ ), Nam rÃ¢u , vÃµ náº±m yÃªn ( Ä‘Ã£ chá»‘n ),báº©y gÃ  , Ä‘inh lan , trang khÃ n ( Ä‘Ã£ chá»‘n ) , coloman , hoÃ ng duy hÃ¹ng ( Ä‘Ã£ sá»£ ) mr Ä‘á»m ( Ä‘Ã£ sá»£ ) cÃ´ng vÃªnh thuá»· tiâ€¦ "
Con nÃ y nÃ³ quÃ¡ khÃ¹ng rá»“i háº¿t ai trá»‹ Ä‘Æ°á»£c rá»“i
Bonj no LoI dá»¥ng hÃ¬nh áº£nh cá»§a tháº§y thÃ´i chá»© tháº§y k cÃ³ liÃªn quan Ä‘áº¿n
cÃ³ 1 Ä‘iá»u ko ai nháº­n ra lÃ  cÃ¡i gÃ¬ cÅ©ng cÃ³ sá»c . chÃ­nh xÃ¡c luÃ´n rá»“i . cÃ´ háº±ng nÃ³i Ä‘Ãºng Ä‘áº¥y
BÃ  nÃ y Ä‘ang bá»‹ tháº¥t tháº¿ nÃªn tÃ¬m má»i cÃ¡ch dáº«n dáº¯t dÆ° luáº­n Ä‘á»ƒ vu khá»‘ng cho tháº§y ThÃ­ch Minh Tuá»‡ cÃ³ tá»• chá»©c nÃ o Ä‘á»©ng Ä‘áº±ng sauâ€¦BÃ  lÃ  ngÆ°á»i Ã¡c tÃ¢m vÃ  sáº½ bá»‹ quáº£ bÃ¡o Ä‘áº¥yï¿¼ï¿¼ï¿¼
"Tháº§y ko liÃªn quan Ä‘áº¿n cÃ¡c tháº¿ lá»±c nÆ°á»›c ngoÃ i ,há» lÃ m j lÃ  viá»‡c cá»§a há»,tháº§y nÃ³i rá»“i."
"BÃ  nÃ y hÃ¨n háº¡ quÃ¡, Ä‘i gáº¯p lá»­a bá» tay ngÆ°á»i cho 1 vá»‹ tháº§y tu,do báº£ biáº¿t tháº§y MT lÃ  ngÆ°á»i buÃ´ng bá» má»i thá»©,nÃªn tháº§y khÃ´ng quan tÃ¢m,khÃ´ng kiá»‡n cÃ¡o báº£ nÃªn báº£ máº¡nh miá»‡ng vu khá»‘ng cho tháº§y, bÃ  nÃ y quÃ¡ máº¥t dáº¡y...rá»“i báº£ sáº½ tráº£ nghiá»‡p thÃ´i"
em xáº¥u khÃ´ng quÃ½ vá»‹
UÌ‰a  nÃ´Ì€i  cÆ¡m  Ä‘iÃªÌ£n  coÌ  caÌi  giÌ€  maÌ€  giaÌ‰i  cÆ°Ìu  vÃ¢Ì£y  c di
Con yÃªu tinh cá»§a cá»™ng Ä‘á»“ng máº¡ng
"Khi khÃ´ng bÃ  tá»± khen mÃ¬nh Ä‘áº¹p, nÃ³i nÄƒng sao khÃ´ng biáº¿t ngáº¡i, Ä‘á»ƒ tá»± ngÆ°á»i khÃ¡c Ä‘Ã¡nh giÃ¡ mÃ¬nh lÃ  tá»‘t hÆ¡n"
BÃ  nÃ y cÃ ng ngÃ y cÃ ng khÃ¹ng
ThÃ´i bÃ  khÃ¹ng Ä‘iÃªn quÃ¡ rá»“i
Cho ca sau Äƒn thá»‹t ba VT hÃ´m gáº·p ba tá»•ng hÃ´m áº¥y rá»“i cÃ²n Ä‘Ã¢u mÃ  tÃ¬m vá»›i kiáº¿m Ä‘á»ƒ lÃ m nhÃ¢n chá»©ng???
Tháº­t vá»ng qua
"CÃ³ Ko mÃ¡ , hay quÃ¡ ! Äá»¥ng Ä‘áº¿n ngÆ°á»i tu káº¿ tá»± nhiÃªn nÃ³ khai háº¿t rá»“i , á»Ÿ Ä‘Ã¢y mÃ  nÃ³ bit bá»n vt bÃªn Má»¹ Ä‘Ã m Ä‘áº¡o luÃ´n"
LÆ°á»›t mxh tháº¥y cÃ´ Háº±ng lÃ  tui like báº¥t cháº¥p hiii
KÃªu tháº§y miáº¿t máº¹
MÃ¹ u mÃª nÃªn há» Ä‘Ã¢u hiá»ƒu gÃ¬ vá» viÃªt tÃ¢n
Ã¡ Ä‘Ã¹ sÆ° mt cÃ³ gÃ¬ Ä‘Ã¢u mÃ  giáº£i cá»©u
Con khÃ¹ng
Loáº¡nâ€¦ láº¡i nghe theo bá»n pháº£n Ä‘á»™ng
"Náº¥m lÆ°á»¡i máº¹ Ä‘á»«ng cÃ³ chá»§ quan nhÃ©.Tráº» nhá» bá»‹ náº¥m lÆ°á»¡i thÆ°á»ng kÃ©n Äƒn.hay viÃªm há»ng,hay á»‘m váº·t hÆ¡n...NgÆ°á»i lá»›n náº¥m lÆ°á»¡i lÃ¢u nÄƒm thÃ¬ ná»©t náº»,hÃ´i miá»‡ng,rÃ¡t lÆ°á»¡i,máº¥t vá»‹ giÃ¡c,tráº¯ng lÆ°á»¡i thÃ nh khá»‘i...nhiá»‡t miá»‡ng,lá»Ÿ loÃ©t vÃ²m há»ng ,dá»… gÃ¢y ung thÆ° lÆ°á»¡i.....â€¦ "
may tÃ o lao hoÃ i
VÃµ táº¯c thiÃªn Ä‘iÃªn loáº¡n vÃ¬ mÃª cu yÃªn !
Ko cÃ³ mÃ t ko cÃ³ gÃ¬ mÃ y xinh qÃºa ts con láº­t máº·t
Vá»£ chá»“ng máº§y Ä‘á»±ng lÃªn cÃ¹ng Ä‘Ã¡m tÄƒng Ä‘Ã³ xem Ä‘i con khÃ¹ng
Con Ä‘iÃªn. XÃ m cá»©t. Tao chá»‰ tin bÃ¡o chÃ­nh thá»‘ng Ä‘Ã©o tin ai. Con Ä‘iÃªn
Äáº¹p nhÆ° cÃ¡i.tÃ©p khá»• tÆ°Æ¡ng háº±ng Ã 
NhÃ¬n máº·t Ä‘áº±ng Ä‘áº±ng sÃ¡t khÃ­ nhÆ° phÃ¹ thuá»·
PhÆ°Æ¡ng Háº±ng luÃ´n luÃ´n lÃ  má»™t ngÆ°á»i phá»¥ ná»¯ VN ta ráº¥t tuyá»‡t vá»i luÃ´n nhÃ©.
Tá»‰nh chÆ°a  bÃ£ muá»‘n má»i ngÆ°á»i hÃ£y tá»‰nh tÃ¡o nha bÃ£ muá»‘n gÃ¬ Ä‘i Ãºp Ãºp má»¡
NÃ³i nhÆ° con Ä‘iÃªn
Suá»‘t ngÃ y tá»± khen mÃ¬nh Ä‘áº¹p Hay thÃ¬ thiÃªn háº¡ khÃ¡c Ä‘á»“n LÃ m gÃ¬ nháº¥p nhá»‰ nhÆ° chÃ´n chá»‰ choÃ¨ â€¦ 
Ã€o jao
"Náº¿u cÃ³ tháº­t lÃ  nhÆ° váº­y thÃ¬ cÃ´ng tÃ¡c tÃ¬nh bÃ¡o pháº£n giÃ¡n cá»§a NN VN sáº½ thu   phá»¥c tháº§y Minh Tuá»‡ trá»Ÿ thÃ nh adida ,pháº­t Ä‘áº£n 2024 phÃ¡t tÃ­ch táº¡i VN Ä‘áº¡i diá»‡n cho Ä‘áº¡o pháº­t phá»¥c hÆ°ng luÃ´n ... NhÆ° BÃ¡c Há»“ thu phá»¥c Ä‘iá»‡p viÃªn siÃªu háº¡ng Táº¡ Ä‘Ã¬nh Äá» OK !"
Con nÃ y ra máº·t tuyÃªn chuyá»n giÃºp bá»n pháº£n dá»™ng ngang nhiÃªn thÃ¡ch thá»©c nhÃ  nÆ°á»›c dÃ³.nÃ³ cÃ¢y cÃ³ tiá»n vÃ  tháº¿ lá»±c thÃ¹ dá»‹ch chá»‘ng lÆ°ng  lÃªn dÃ¢y  tuyÃªn truyá»n dá»• tá»™i cho thÃ y mt
Chá»‹ giÃ u cÃ³ thÃ¬ chá»‹ cá»© Ä‘i du lá»‹ch hay lÃ m nhá»¯ng chuyá»‡n cá»§a mÃ¬nh vÃ  gia Ä‘Ã¬nh Ä‘á»¥ng theo rama ná»¯a chá»‰ khá»•.cho gia Ä‘Ã¬nh chá»‹.. vÃ  chá»‹.. trÃªn trang máº¡ng . khÃ´ng Ä‘Ã¹a giá»¡n Ä‘Æ°á»£c.. cháº¡y Theo mÃ  cÃ¡i miá»‡ng khÃ´ng giá»¯ Ä‘Æ°á»£c thÃ¬ cÃ³ ngÃ y á»§ tá» ná»¯a.. sÃ¢n si lÃ m gÃ¬.chá»‰ khâ€¦ 
"Má»i ngÆ°á»i suy nghi xem ,  Live trÆ°á»›c má»¥ rÃ  nÃ³i tháº§y MT coi ai co theo má»¥ ko ? Sau Ä‘Ã³ thay mn chá»¯i quÃ¡ ,  roi Live sau má»¥ ko keu thay bang ong ná»¯a va keu báº±ng Tháº©y xong roi háº¡ minh xuong noi la má»¥ Ä‘Ã²i quáº¥t va quáº¥t ai má»¥ cÃ²n noi cdm nghe gi nghe cho háº¿t â€¦ "
"Chá»‹ H cÃ³ báº±ng chá»©ng thÃ¬ Ä‘Æ°a lÃªn cqcn Ä‘i chá»‹ Æ¡i. LÃªn máº¡ng chá»­i hoÃ i ngÆ°á»i xem nghe k, Ã´ng sÆ°  Minh Tuá»‡ hay anh LÃª Anh TÃº cÃ³ xem Ä‘Æ°á»£c Ä‘Ã¢u.Cá»© lÃªn face lÃ  nghe chá»‹ chá»­i lung tung, em khuyÃªn chá»‹ nÃªn lo cho gia Ä‘Ã¬nh, con cÃ¡i chá»‹ khÃ³c lÃ³c xin chá»‹ yÃªn bÃ¬nh loâ€¦ "
ai cÅ©ng cáº¯n nhá»‰
MÃ£i mÃ£i yÃªu máº¿n chá»‹ Háº±ng
Äáº¹p nhÆ° cÃ¡i tháº¹p bÃ  giÃ 
KhÃ´n má»™t doi ngu má»™t giá» lÃ  cÃ³ thiá»‡t
"KÃ¬ náº§y vá»‹t trá»i cá»¹ng cháº¿t ná»­a chá»© Ä‘á»«ng nÃ³i vt , sáº¯p cháº¿t tá»›i nÆ¡i rá»“i á»Ÿ Ä‘Ã³ lo bÃ´ bÃ´ cÃ¡i miá»‡ng"
Con khÃ¹ng
ThÃ´i Ä‘Æ°á»£c rá»“i bÃ  khÃ¹ng á»Ÿ Viá»‡t Nam thÃ¬ nÃ³i bÃªn Viá»‡t Nam Ä‘i Ä‘á»«ng cÃ³ nÃ³i Ä‘á»¥ng cháº¡m tá»›i nÆ°á»›c Má»¹ bÃ  khÃ´ng cÃ³ cá»­a á»Ÿ bÃªn Má»¹ nÃ y Ä‘Ã¢u bÃ  khÃ¹ng ï¿¼ï¿¼ï¿¼
Viá»‡t tÃ¢n khen ai tá»«ng hÃ´ ai  ngÆ°á»i  Ä‘Ã³ phÃ¡ háº¡i Ä‘áº¥t nÆ°á»›c Viá»‡t Nam  viá»‡t tÃ¢n chá»­i  ai ngÆ°á»i  Ä‘Ã³ cÃ³ Ã­ch cho Ä‘áº¥t nÆ°á»›c Viá»‡t Nam
Tuyá»ƒn ná»•
Äáº¹p nhÆ° con cÃºc
"Láº§n trÆ°á»›c nÃ³ chá»­i loáº¡n xáº¡ bÃºa xua xong nÃ³ bá»‹ báº¯t , láº§n nÃ y cÅ©ng nhÆ° láº§n trÆ°á»›c nÃ³ chá»­i tÃ¡n loáº¡n háº¿t , trá»ƒ láº¯m lÃ  24/11 nÃ³ sáº½ bá»‹ tÃ³ "
BÃ  khÃ¹ng Má»¹ lÃ  má»¹ cÃ²n Ä‘Ã¢y lÃ  Viá»‡t Nam nha bÃ 
"Giá» mÃ  báº£ Ä‘c thÃªm lÆ°á»£ng Fan nhÆ° Fan tháº§y MT ná»¯a vÃ  cá»¯ng quá»³ láº¡y báº£ cháº¯c lÃºc Ä‘Ã³ báº£ má»›i thá»a cÆ¡n thÃ¨m khÃ¡t cÃ¡i gÃ¬ cÅ©ng sá»‘ 1. Khiáº¿p giá» nghe báº£ nÃ³i mn tháº¥y ko? CÃ¡i giá»ng háº­m há»±c ko nuá»‘t ná»•i cá»¥c ghen tá»‹ giá» gá»i Ã´ng MT rá»“i chá»© ko tráº£ vá» gá»i tháº§y ná»¯a rá»“i, lÃ²i luÃ´n ra sá»± Ä‘á»‘ ká»µ."
NhÆ° váº­y thÃ¬ tháº§y cÅ©ng cÃ³ biáº¿t gÃ¬ Ä‘Ã¢u ? LiÃªn quan gÃ¬ Ä‘áº¿n tháº§y mÃ  Ä‘Ã²i quáº¥t tháº§y? ÄÃ¡nh trÃ¡o khÃ¡i niá»‡m gÃ¬ á»Ÿ Ä‘Ã¢y? Máº¥t dáº­y con ngu nguyÃªn phÆ°Æ¡ng há»
MÃ y cÃ¢m ká»³ mÆ¡ mÃ y Ä‘i
11111
11111111


11111
PhÃ¡p luáº­t Ä‘Æ°a bÃ  nÃ y trai cho Ä‘áº¥t nÆ°á»›c bÃ¬nh anÄáº¥t nÆ°á»›c viá»‡t nam dÃ¢n chá»§ cá»™ng hoÃ LÃ m gÃ¬ tÃ¢n viá»‡t nÃ o â€¦ 
TÃ´i Ä‘ang á»Ÿ Má»¹ Ä‘Ã¢y KhÃ´ng cÃ³ nheKhÃ´ng ai ráº£nh Ä‘Ã¢u â€¦
