Comments, label
 MỘT PHÚT TƯỞNG NIỆM cho editor của INTERPOOL hiện đang bị phơi nhiễm cringe rất nghiêm trọng sau khi xử lý quá nhiều tư liệu về Trấn Thành .(Ảnh: Anh E. cùng vợ)
Đàm Vĩnh Biệt
Trấn Thành rất giỏi
Moá cười ỉa
Nó diễn đấy . Khóc con c ..
Tôi nhận đc tiền và hào quang nhưng Trấn Thành vẫn không thoát khỏi Đàm Daddy
"Má, quang linh bên cạnh k nhịn nổi cười "
Nhìn thằng TT diễn mà phát ói
Hào quang CC
Cái thằng dien nó diễn hài quá
Đàm đá đìiii
Nghe chứ chưa bao xem thằng này diễn
"Hào Quang chỉ có ở thẩn Phật,Chúa ,trấn thành đã tận Mắt chiêm nhản ánh đạo Vàng của vua Vĩnh Hưng(Vĩnh là họ vua:ưng bửu Vĩnh)Nên 3 hàng lệ tuôn,cungHỷ"
"Trong xã hội này Có 1 mình "" trấn Thành"" là nghệ sỹ chứ mấy "
thích đoạn con mài xanh kia
Bị táo bón cả tuần nay mà xem xong tao phải vào bồn cầu đi té de gấp haha
"Ôi trời ơi nhìn cái ảnh thấy đã tệ, xem clip thật ghê tởm, diễn vừa thôi khổ sở quá nghèo khổ quá vừa vinh quang vừa có tiền"
Nước mắt như nước đái
Ủa sao tài lanh v. Sao biết TT muốn được giải cú khỏi đá đì Hưng :)))
"ĐM nó nói đến cái đoạn để...để...là thấy nó định cười rồi, nhưng chắc nó nghĩ nếu cười thì thằng Đờm nó cay thế là nó cá sấu ra đấy, thằng Đờm lại ôm an ủi, Ái đéo nào cũng diễn rồi cười trong bụng thôi.."
Diễn viên nhưng lại diễn điên
Chú Quang Linh đã cười rồi nha!!!
Trấn thành giờ đái bằng mắt hay sao ấy nhỉ...rõ chán.
"Diễn viên ""hài"" nổi tiếng tiếng mà khóc không thò lò nước mũi coi như ""diễn"" chưa sâu"
Quan Linh mắt cười ỉa luôn
Tưởng trên phim diễn thôi. Ngoài đời cũng diễn vk thế ah Thành
Con lươn chúa nhất sâu bít vn
Trông buồn cười vãi cảm thấy đây là lần diễn tệ nhất của trấn thành
Nhìn kỹ đi . Đứng trước mộ liệt sỹ thì cười hớn hở. Lên sân khấu thì khóc.... Khóc  .. khóc cc.
Nó nà diễn viên mà
Diễn lố quá cũng k hay
"Đù trông nó nức nở quá, nó làm như cái đời này khốn nạn với nó lắm, cái nghề khốn nạn với nó lắm ấy."
Mấy ngày nay tao coi clip nhưng tắt tiếng chứ ko dám nghe những lời dơ bẩn đó ;)))))
Mếu máo nhìn mót ỉa vkl
Nhìn ông quang linh chắc đang nghĩ cái gì rồi :)))
"Yêu nghề, đam mê với nghề rồi anh chọn nó, thì sau này có gì cũng phải chấp nhận. Nếu mà nói nghệ sĩ chỉ muốn được thoả đam mê của mình mà không cần nổi tiếng thì có lẽ là nói dối. Đã là nghệ sĩ ai cũng muốn được nổi tiếng, được khán giả yêu thương, bi… "
xin tên nhạc với ạ
"Tài giởi phải có đề tài giúp đồng bào , giúp Tổ Quốc, toàn tào lao tư lợi. ""Nếu mà minh bạch, tôi không làm , không kêu gọi từ thiện. ""!!!."
  · Quang linh sắp phọt cười
E diễn vai nạn nhân giỏi lắm Thành ơi !
 tran thanh khoc loi sun mui
Ủng hộ tẩy chay trấn thành. Tẩy chay. Tẩy chay. Tẩy chay.
"Kg anti hay gì nhưng mà thấy ông Trấn thành diễn kg hợp với gu ta ,cái hài diễn tính chất giải trí cao cười trên cái cảm lố ,nhiều cái 0 ý nghĩa. Khóc vô tội dạ. Tui nghe 1 nghệ sĩ gạo cội phát biểu ,ngắn nhưng rất hay. Còn ổng dài khóc cũng kg biết ý ổng nói gì cái gì."
Mít ướt. Nhưng mà khóc có ai thương đâu . nhìn ông Quang Linh muốn bật cười mà không dám cười .đau đầu .
Con người ai mà chẳng có lúc lỡ miệng. Chấn fhanh nói vậy thôi. Chứ Chấn là nghệ sĩ da tài có năng khiếu. Hiền nhân hậu. Luôn luôn giúp đỡ mỗi người. Ai làm giám khảo cũng khó. Chỉ có chấn fhanh là rể nhất. Giúp đỡ biết bao nhiêu hoàn cảnh khó khăn. G… 
  · Loz hay khóc gặp loz hay hun 
Bóng trung niên lộ liễu quá
xem mà ngượng ngượng kiểu lol gì ấy. ớn cho lệ tổ thật. mã cha m
đít mẹ hai thằng cho
"Mặt cứ câng câng, cổ lúc nào cũng gân gân. Nhìn muốn đấm cho 1 phát. Bố láo bố toét!"
Thang tran thanh Ngu mà to ra nguy hiểm mẹ no. Thứ cho chết
Kính thưa quý vị giải Oscar thánh khóc 2023 về mr thánh khóc trấn lột 
Diễn y như đong phim luon hay thiet có tố chất lam dien vien chuyên khóc đay
"tự nhiên đang cười cái khóc ngang, xong cái lau nước mắt r cười tiếp, tr mắ cảm xúc linh hoạt hơn cả giới tính của t nữa, giỏi quá đi "
Lần này ko ai gánh nỗi nửa ròi e traiHazzzz toang mẹ dồiCủng như vụ HOÀI LINH 14 tủi bị tẩy chay là về vườn luôn
"1 thằng hề động tí là khóc,1 thằng thì động tí là hôn => 2 thằng bd"
Nhìn thằng Thành này nó khóc tức tưởi nhìn hãm quá. Mày thấy khổ quá thì giải nghệ đi thằng điên
DIỄN VIÊN CHUYÊN NGHIỆP TRONG TẤT CẢ CÁC VỠ DIỄN.
doi người chi sống được moi người yêu thương la hp.con co tiên co cua ma để người doi chui rửa thi nhục.
Thấy cái đầu nghích nghích ghét kinh khủng
Nhu long l
Thằng ni sinh vào thời chiến ê hắn khóc CẢ  năm
Xem đám vĩnh viễn và  trần lột diễn  thật tha xem mấy con chó làm xiếc còn  thứ vì hơn
Nhìn ông Quang Linh định cười mà cố nín cười kìa.
Chúng tôi sai được chưa? 0:00 / 0:07
Cười ỉa
"Những trò hề của nó không ai xem, phim có nó cũng chẳng ai xem thử coi nó ném cái hào quang rực rỡ như thế nào"
Tt noi samkhoc đê lam gi     Khoc đê lây tiên khan gia phai ko trân thanh
"  · Mấy ông suốt ngày cứ dèm pha rôig chê trách TT này nọ , để có đc như ngày hôm nay TT phải rất cực khổ ,phải khóc biết bao nhiêu lần ,mỗi lần khóc là phải cần sự riêng tư "
Chỉ tội ông Quang Linh nhịn cười  tí nghẹn :)))
Nếm thấy toàn mùi tiền đkm nó chứ
Tội nghiệp cho a Quang Linh…đứng chứng kiến thánh khóc diễn siêu phàm
Loanh quanh vẫn mấy cái thằng đó lên sóng rồi khen nhau :))
Đám hiếu gọi nó.nó làm tốt việc ấy
t nể ông quang linh về độ nhịn cười của ổng
Xin lỗi vì đã cười 
"Haha thần kinh ko ổn định ,"
Nhìn mặt ghét thế… hào cái sml
"Chú Quang Linh kiểu "" Thằng này phát ngôn cái quái gì thế "" kiểu lên đồng hả"
Nó lấy tiền của kháng giả bằng những giọt nước mắt cá sấu sau đó nó đổ lỗi cho kháng giả trù dập nó thử hỏi nó có phải là diễn viên chân chính không
"""Khóc để có cơm ăn, khóc để có áo mặc, khóc để có son phấn mà bôi lên môi chét lên má màu hồng tươi thắm đó chứ"" - Trích Trích đoạn Nửa đời hương phấn."
Nước mắt cá sấu.tẩy chay là vừa
"Làm ăn cướp , buôn mai thúy khổ lắm ae à , bất cẩn cái bị police hốt vào tù bóc lịch dài dài ^^^"
"Cũng chỉ là 1 th MC , có tài cán chó j mà hào quang rực rỡ ..... Cống hiến đc cái j cho đời , sáng tạo đc cái j . Dùng cái trò khóc lóc .... nó chỉ có hiệu quả từ mấy năm về trc thôi , lúc đó con người thiếu sự đồng cảm mà có ng khóc lóc chia sẻ thì họ… "
Cười ỉa thằng hề.
Chán thanh niên. .
Thấy cái bản mặt. Khó ưa.
Tẩy chay tất cả chương trình có thằng chó trấn thành ngay
Kkk chắc anh ấy đã phải rát đít lắm mới khóc tức tuởi thế. Chứ nếu cố gắng bằng nhiệt huyết với nghề để có thành quả hôm nay thì đâu phải tỏ ra oan ức thế.
1 ông thì hay khóc .1ông thì sơ hở cái là hôn vãi
ĐM. Mấy thằng hề mua vui cho thiên hạ. Chúng nó làm được cái gì cho dân cho nước ngoài việc mua vui. Ko có chúng nó cuộc sống yên bình hơn!
"Vô duyên tự nhiên hỏi khán giả là thích tiền, thích hào quang thì lên đây. Khùng"
Thằng mặt qủy lươn lẹo nhỏng nhẻo giống bê đê vl 
Nghe và nhìn thấy thành khóc mà buồn nôn
"Khán giả nếu iu thương TT thì đừng đến rạp xem phim nữa , hãy để TT nghĩ ngơi và đừng làm bất cứ gì trong làng nghệ thuật nữa ."
Anh MC cười không che được mồm....
Khóc con mẹ mày
Sao cứ thấy giống cay nghiến vs hận khán giả mak ko làm j đc...
Thang nay ma cho no lam lanh đao thi chắc giông tông thông úc rai na quá
Quang Linh cố lắm mới nhịn được cười trước trò lỗ của TTNghề cc nào trả có cái khổMà khổ quá nghỉ mẹ đi… 
Nhìn Quang Linh muốn nói cái gì đó mà TT k cho mở mồm
Tưởng đang nói đột quỵ trút hơi thở cuối cùng 
"Diễn giỏi vl, muốn khóc là khóc đúng chuyên nghiệp"
"Khóc củng thật 1 chút má, khóc mà như bị khứa đàm thông đích vậy 3"
Đời không có bọn này chắc vẫn sống tốt mà
"Quảng có cho ""Mỳ tôm chua cay"" !!!"
"Nếu nhìn kỹ, mặt Quang Linh hơi ngơ ngác khi nghe Trấn Thành phát biểu.....!"
Đồ căn bả..làm giàu bằng tiền khán giả...k tiếng cám ơn còn than khóc..thử mầy chết đi xem có ai khổ k vây..mầy làm măy hưởng thu chứ mầy có cho ai đâu
Nhìn ngứa mắt vl
"Ổng Q L đứng bên còn há hốc mồm, chắc tưởng nó bị trúng độc"
"Dm như thằng điên, ai đánh mà khóc"
Bộ văn hóa ko thấy những cảnh này sao. để cho lũ sâu bọ làm hỏng cả showbiz VN
Thấy cái mặt là biết điếm đàn
Thế bad ending là gì
  · Hào guang rực rở
Khóc cc khóc hoài. Thật sự ngày xưa tui hâm mộ a lắm . còn bây h nhìn giả quá ba riết ba làm lố ghê
thằng chó tran thanh nhin muon đập qua
Giả tạo nhất Việt Nam.
Mé nói éo phải là mình khoe mẻT đây biết chơi đủ các loại nghệ thuật mà cố gắng vkl vẫn chưa được nếm thửThằng thì có tài là tài khóc thì có lại than … 
Ngon niếm hào quang fuho đi thằng lol
Anh bạn làm 4 chữ hào quang rực rỡ trong mắt tôi trở nên kinh tởm hơn bao giờ hết rồi đấy
Binh thường thấy ngta khóc hay cảm động k biết sao thấy thanh nc đái khóc t lại cứ cười cười mà ngượng ngượng
  · Nhìn mà học hỏi đi
nói chuyện cái mỏ méo một bên vậy
Mọi người nếu có yêu mến trấn thành muốn trấn được sung sướng không phải cực khổ hy sinh nữa thì trong các chương trình hay phim ảnh gì mà có trấn thành thì đừng ai đi xem nữa để anh ấy không nhé phải khóc nữa
Xem nhìn khóc chả muốn xem tiếp sợ vkl
Bố thằng hâm.
ý của trần thành là hào quang hôm nay là 1 quá trình rèn luyện lan lộn đầu tư  chịu nhiều đăng cay sống thành bại để đánh đổi tất cả mới có mà mọi người không hiểu cho là trần thành kêu nghèo kể khổ  người ta khóc là vì người ta hiểu chuyện chú không n… 
Mac ỉa
Đúng là đạo diễn và hài diễn rất hay
Nghề của họ là diễn viên mà
chỗ đám đông khóc chi cho ng ta chửi vậy trời
Haizz riết trông chán thật
Thằng Trấn Thành này cho đi khóc đám ma chắc được đấy
Em càng lúc càng lộ quá thành ơi 
Nghệ sĩ chúng mày diễn sâu quá sao quá thành sao
Quá  gia tạo.....thấy gớm
Thánh khóc nhè
Sao bạn khóc mà t lại buồn cười ẻ 
Chung qui cũng chỉ là thằng diễn hài ung thư tiền liệt tuyến
"Toàn là mấy thằng bá zơ , thợ hát thợ khóc mướn đám ma , bọn này xo ra chưa bằng những người đánh giày , ở đó mà kể khổ bọn mày ăn trên ngôuf cả chứ có đi móc cống như những người công nhân khổ cực , mà họ còn chưa kể vì họ biết trách nhiệm và công việ… "
Cứ xem mặt thằng này là thấy ghét r
Thằng  này   nhiều  lúc  thấy  nó  như  thằng  hâm  ấy
"Bữa giờ toàn đọc tin chứ ko có xem clip, bữa nay mới xem, má nhìn ung thư thật sự"
Một thằng điên nổi tiếng
  · má coi đi coi lại lần não cũng mắc ẻ.
Đéo hiểu nó khóc cl gì =))
"“Tội nghiệp”  khi đã diễn thì diễn luôn cho tới, hát thêm câu“…đời em mang kiếp cầm ca…” SẾN, ZỊ, NỔI DA GÀ quá TT ơi !"
Pressing Lệ tổ ác 
Cũng thì con người đấy và cũng là những giọt nước mắt của con người đấy nhưng nước mắt nó rơi ở chương trình (HÁT MÃI ƯỚC MƠ) sao mình thấy cao thượng và nhân văn bao nhiêu thì ở cái chương trình này mình lại thấy những giọt nước mắt đó của hắn nó lại rẻ mạc đến lạ thường
Nó làm như oan ức lắm.
QUANG LINH CƯỜI.A QUANG LINH QUÁ RÕ NHỮNG LOẠI NGƯỜI
Thằng KHÙNG !
The King của những thằng kinh tởm
Diễn quá diễn
"khán giả đi xem phim, yêu thích thì thành mới có hào quang, dm lúc coa hào quang thì khóc lóc than thở ccc gì, mai mốt khán ko đi xem phim xem hài của thành,  thử coi còn hào quang để mà nếm ko nhé…"
"Cút khỏi sân khấu, tới lượt mị :))0:00 / 0:10"
Thằng trấn thành nhìn mồm gian mắt điêu.
Dm tự chọn nghề mà ai bắt ép gì đâu mà phải làm cái bộ dạng đó
"Đàm ơi thành khóc là có điềm rồi đó, Đàm gán vượt qua nha, chứ thấy điềm không mai rồi đó."
Xem tới xem lui thấy nó xàm kg thể tưởng.đàn ông gì đâu mà hở cái khóc.
Giải cíu Trấn Thành thoát khỏi Hào wang dực dở
"Nhìn anh Quang Linh kế bên, ổng đơ luôn chả hiểu chuyện gì hết, thời 8X đâu có lố như thế"
Để mình lên mình nếm cho. Khỏi chạy xe ôm nữa
Bọn hề này tụ tập nhặng xị khóc lóc ..có tác dụng lạc hướng quan tâm của xã hội ...
khổ thế mà nhiều kẻ cứ ước mơ. Thôi về đi em về ăn cơm cà muối với canh cua đồng cho thanh thản chứ em khóc thế mạng xã hội nó cười cho
Ngay từ đầu đã nói bọn hề này rồi.... ăn không ngọt như trước nữa.giờ bọn nó đủ chiêu trò...
Người ta là diễn viên thì người ta phải diễn chứ.! Bình thường như cân đường ký gạo
Thành cry aiza
Bấm nút biến mẹ mày
Cảm súc của anh
Sinh 1987 chưa biết khổ là gì lại nổi tiếng sớm  quá nên phát ngôn thiếu suy nghĩ. Tẩy chay mấy thằng này là đúng nghĩa
Đó là cái lộn mẹ mày thằng điên
Đàm daddy=)
Cc mệt chết mẹ. Lướt cái appp nào cũng gặp máaaaaa
Nhìn thấy là lướt ngay.khổ thân anh linh phải đứng đấy chịu đựng
  · Nhìn như bị mẹ ghẻ ẻ trên trốc
ko làm đc thì cút đầy ns chân chính
Tụi ns bẩn làm lố bịch. Ngứa con mắt quá. Hình ảnh này chỉ để dành cho những đám trẻ trâu u mê ủng hộ thôi
Khi thằng hề khóc.. thì vẫn thấy mắc cười..
Thằng này hấp thật
Không  muốn  xem dòng Sên nhớt  diễn  !
Nghệ sĩ hài có khác..khóc mà cũng thấy mắc cười.
Phát ngôn sao mà 10 người bình luận thì 11 người ghét
Cái thân cho khùng này mà ái thích nó chứ tôi thấy nó là bực
Tẩy chay luôn
"Được sinh ra nguyên vẹn,Được có cơm để ăn,được sống bình yên,được làm một công việc vừa sức để mưu sinh và nếu có thể làm được nhiều điều tốt thì quý trọng!than thở,thách thức,tự tôn,kiêu hảnh,gục ngã,vinh nhục...tự mình hưởng lấy!Họ ko quan tâm bạn là… "
"nếu t là quản lý của tt thì t sẽ móc nối với chủ hãng khăn giấy,1 tháng kiếm cũng kha khá"
Khóc thấy ghét
Nhìn Quang Linh là đủ hiểu
Đu me mây thâng mây cư tương chung mây la vua a   thua ca ho nha tao
Diễn sâu quá ..vậy làm ng bình thường đi ..cái gì cũng có giá của nó .đâu ai ép buộc mà uất ức như oán trách v tời
ung thư vl
Cái dit cụ nhà mày
"Quang Linh kiểu, thôi ông im mẹ ông đi."
Loại đàn ông nước mắt đàn bà như này vứt tôi Chag bh xem hai của thằng này ca nhìn da ghét rồi
Có.đưa tiền với hào quang đây mình nhận cho.ko có tiền oác như gà chứ đứng đó mà nói.biết bao nhiêu người sống như địa ngục họ còn chưa than .sống trong nhung lụa miết quên mất sự khốn khó khi ko có tiền.
Diễn viên hài nay lại chuyển chính kịch 
DM cứ hiện lên trang này cc AK nhìn thấy không ưa rồi
Coi thằng này khóc tự nhiên mắc ỉa liền
Thang vo vh mat day nay tay chay no di
"Ấy thôi khổ quá mình nghỉ làm mình về nhà đóng cửa ở nhà thôi cho nó riêng tư TT ơi. Chứ nhiều ng công việc còn khổ hơn mà kiếm ra tiền ng ta vẫn vui vẻ làm nha. Đồng tiền mà, đâu có gì là dễ dàng. Còn cảm thấy khổ quá thì mình có quyền nghỉ về nhà đâu… "
Đẻo mẹ diễn như cái k diễn vậy =))))) nhìn mà ngứa cả mắt
Em diễn rất tốt
  · Bố thằng chấn thành thần kinh
Khúc này đúng là TT viễn lố thật
A e cho nó đi thông ống hầm cầu cho nó biết mùi cứt là như thế nào .
Thăng khùng
Sao trấn Thành nói mồm nó méo vậy
Dmm o ngoai kia con biet bao so phan co cuc nguoi ta con chua khoc kia
Lon me thang mt loi gia tao
Ôi hào quang rực rỡ khiến cho từng giọt lệ ấy phát sáng như pha lê :))))
cảm lạnh thiệt á chớ
Thương anh
Giat tạo lắm e
Tự nhiên đang thích nói những câu từ trả ai hiểu nổi .làm cho họ quay lưng đi hazzzzz (~￣³￣)~
Thằng cho Trấn Thành mấy câm họng đi nha
Nói thật nhìn mặt thằng lon trấn Thành này lúc đang ăn nôn luôn.ngứa mắt thật
Nhìn cái mặt TT nhăn như khỉ ăn ớt. Càng nhìn càng bực
đống vai giả tạo  ròi quen thói bạn viển không hay đâu
"Khóc cũng làm cho khán cười được, đỉnh cao của 1 diễn viên hài"
Nó quay vào cười rồi quay ra chưa kịp nín cười thì lập tức cố rặn rặn rặn khóc mà chẳng khóc được. Hành động của thằng này rất đê tiện vì nó khóc giả tạo quá nhiều lần.
Diễn viên hài Trấn Thành 
Ai like bài này là fan chấn lột chắc luôn 
Nghe mắc ói muốn chết mà cứ đăng tới đăng lui hoài
Mệt mỏi khi thấy nó 
Cái tay đếm tiền quen rồi 
Nếm hào quang ở đâu 
"diển viên giỏi quá, sao mình khóc mãi ko đc giọt nào ta"
Bạn làm rất tốt!
"nhìn lúc trước và sau khi khóc thấy rõ là cố rặn ra bằng được nước đái.nhìn khi bắt đầu khóc hít hơi thật nhanh thật sâu để lấy cảm xúc, không hề có cảm xúc tự nhiên như những người thần tượng mù quáng ,yêu ai ghét ai cũng phải nhìn vào sự thật hiện ra trước mặt mình."
Họ khóc ra tiền mình khóc ra nước mắt
Nem con me may
"Tội mỗi chú quang linh phải đứng nhìn cảnh trơ trẽn này,thương chú!"
Không co bac sy thi chêt không co bô đôi thi mât nươc không co giao viên thi mu chư không co bon may thi moi ngươi vân sông binh thương tui no tư đê cao chinh minh qua ma thôi nhin thây măt la măc oi qua
Nhìn chán
Toan lu khung voi nhau hao quang gi cai lu ban thiu
Dí ác =))) Nhưng mà vui =)))
  · trấn thành chắc quốc tịch nhật chứ thảo mai giả tạo đ khác gì dân nhật =))))
  · Nhìn mặt A Quang Linh thấy thương cái biểu cảm ghê
Đểu giả vừa thôi
"Như vậy thì ,ta ở 1 gốc riêng tư là hào quang rực rỡ hơn"
Trò trẻ con
Tưởng cứu Đàm Daddy khỏi TT :)))
Đang  nói  bình thường  ..chắc dinh đồ  ...khóc  thấy  lạ lắm ak  nghen
Điểu bỏ mẹ
Nó làm lố quá nhìn ghê thiệt chứ
Nhìn khóc mà buồn nôn
"  · Tưởng thế mình ngầu, ai ngờ lại xấu trước mọi người xem."
Thằng này đúng thằng diễn xàm
Nước đài cháy suốt
O con cac
hừ.....hừ....cái đ m mày.diễn cl
Thằng ngáo đá
  nhìn mặt Quang Linh mắc cười dã mang
"chắc là quang linh thoạt nghĩ , tưởng đâu nó nịnh sương sương để chừa cho mình ké chút đỉnh ai dè nó làm nốt hết trơn . ql nín cười cũng như nín .... vậy , chắc xong đêm ấy thì về khách sạn đóng cửa mà cười đến nội thương luôn á ."
anh lệ tổ không nếm thì để em nếm cho 
Dồ bẩn rác rưởi
Khổ thân quang linh nghe con nít khóc
Con xồn làm quá rồi Thành ơi. Tội quá à có ai đem tiền tới cúng không nữa nè.
DM làm ăn tiền ngta chứ âu có free âu mà kể lễ cmm
Cu em này là diễn viên hài mà
Xl ít thôi. Nuôi c. Hó còn hơn
Xấu hổ cho 1 nghệ sĩ nổi tiếng
Tôi mà là Quang Linh đứng gần đấy tôi vả cho hắn khóc không ngậm được mồm
Nhìn mặt khóc như con. Khỉ xuất tinh
Thằng này khóc giỏi quá!
Có lẽ Chú Quang Linh đã cảm thấy sự lố bịch về hành động này của mr cry
Nhìn nó chán nhỉ?nghiến răng nghiến lợi nói có vẻ cay cú lắm ấy!khung hình ấy chỉ thấy tội cho Quang Linh khi bất đắc dĩ đứng trên cùng sân khấu đấy!:))
Nam Sao no se ra Bo phim moi hao quan  ruc ro
Giải nghệ. Mẹ did
Nếu mình khóc vây có ai ép mình làm nghe Sĩ đâu Con đường do mình chon roi minh tự khóc Xem Film kia hấp dẫn hơn xem fim mấy ong này
Cười sảng haha
Tưởng ông tăng huyết áp chứ hóa ra là khóc à
Anh Linh ảnh nghe xong nói...mé nó diễn thế kia hèn gì nó làm trùm bit vn. Đi cặp với vị vua nữa thì thống trị luôn giải ngân hà đến marvel cũng xin thua
Trơ trẻn và bẩn thỉu
Trung Quốc có nàng Tây Thi khóc đổ cả trường thành còn Việt nam có thánh Trần mỗi lần anh sit là đồng bào miền trung hò nhau sơ tán
Tao thích tiền nhưng tao đéo thích hào quang đấy
Nó diễn quá sâu và xuất sắc đúng chuẩn
"Thằng Đờm hun thằng Thành, anh Quang Linh kiểu ủa sao khóc rồi thằng kia lợi dụng dữ"
chó má thật đáng ghét
"Khóc tức tưởi vậy, nhìn tội vcl"
=))))))))))))))))))))))))) đạ mú lệ tổ
Thương hiệu nó
những tro he của những thằng heel.
Ngáo trâu 
Thấy cực khổ quá thì đừng có làm. Về quê làm hồ đi cho khỏe
T cx muốnnn 
  · Lệ tổ đã một lần nữa khẳng đỉnh ngôi vị lệ tổ là của mình
"Cũng chỉ như mấy con khỉ múa may. Người ta bỏ tiền xem diễn cũng như vào sở thú, vậy mà tưởng hào quang rực rỡ của ông hoàng bà chúa."
đồ khùng
Ah Quang linh đang bị ngứa ở khu hậu môn
  · Hay quá! Kịch bản quá hay!
"Hậu quả , ra diễn nh ko đọc qua kịch bản . Lạc quẻ cái sô hoành tráng"
Hãy để ý người bên cảnh .đừng để ý trấn thành
"Diễn viên chuyên nghiệp có khác :)) nói đc xíu đã khóc rồi, toàn diễn kh"
Lệ tổ trấn thành
DVH thoi nhe vao tai... xuong di e 
Mua Ngay Galaxy S22 ĐỘC QUYỀN FPT Shop 56/6C Phan Văn Hớn Q12 TP HCM Giảm CỰC SỐC 7 Triệu + Trả Góp 0% Tặng Máy Ép Trị Giá 3 Triệu… 
Lu nghê si bân thui
nó ra phim đừng ai coi là xong thôi
Làm mọi cách để khán giả thương kể cả nói dối
"Thằng này bệnh càng ngày càng nặng rồi, chuẩn bị di căn giai đoạn cuối "
đúc rạp xiếc trung ương :))
Con cá sấu này!
"Nó nói mà nó ngien rang... làm như tụi mình có loi với nó...tay chay nó đi.,."
Đít e h nát bươm luôn ak mn
Nhìn bẩn mắt không chịu nổi
Có thể nào diễn đạt mà bớt khóc lại đc ko ...đéo thể hiểu nước mắt giải quyết đc vấn đề gì...
"Đúng thiệt , có tiền , có tiếng , không biết làm gì cho có ý nghĩa , lên đứng giảng đạo rồi khóc, không ra ôn gì"
Thành cry và Hưng kiss
Thằng chó nói đạo lý
Xin ad đừng đằng thằng cry cry này nữa đc k. Mất tinh thần làm việc
Đúng là nghiệp súc
Hở tỉ là khóc chán
Bố cái thằng chó nhìn thấy cái mặt nó diễn mà ghét
Nhìn thái độ lao nước mắt… biết phách rồi.nhìn mà ngứa mắt thật.
Vkl hẳn là giải cứu khỏi đàm daddy:))
1 tháng công nhân. 10tr ( đủ 26 công)1 show trấn thành 60tr. (1 ngày ít nhất 4 show)
Xem mà mắt nhục dùm
Nghe nó nói mà thấy mắc ỉa
Ê có khi nào ổng bị choi ngại nên ăn nói khủng khùng
Nim hao quang thi cung như nim cưc thoi
Nhục quá trán thành ơi
Pressing lệ tổ ác quá 
Xem đi xem lại thằng này có vấn đề nặng về cảm xúc
Nước mắt nhiều hơn nước đái
"Dm, lại gặp nó nữa. Đập đt luôn"
Thằng này là nổi tiếng khóc nhè .có tài nhưng rất lố.
"Quang linh còn bất ngờ trợn tròn mắt nhìn mà. má nó đúng là vì tiền mặt mũi nó dày như cái mâm, thằng đàm rất thích điều này chứ không đéo ai biết nó họp báo làm phim về cuộc đời thằng thợ hát, càng ngày càng nhiều người ghét"
Vô duyên quá thành ơi
Ba cái thứ chó đẻ.ko quan tâm
Tao khiến cha mày làm à mà giờ mày nấc như cha chết
"Nghề nào cũng là 1 nghề ! Từng Tôn vinh nghề mình đang làm , đừng coi thường nghề người khác đang làm ."
Sao kỳ này ko thấy Fab hâm mộ của mấy mẻ lên tiếng há. Kkkkk
Đang gặn 
Đồ tháng điên cụt khỏi dung lên mang
Diễn lố ghê :)))
"Giả tạo đóng kịch ,nuóc mắt cá sấu"
Thang lon nay tay chay no cho roi .may deo lam duoc nghe nay .may co tien say biet thu lam thang ngu .nuoc mat ca xau
Nhìn ngứa dái
Đmm thằng đạo đức giã. Năm nay có cầu mưa lũ nữa thì gặp a mạnh nha con trai
Hát vỉa hè
Kịch bản này viết ra là dở rồi 
Từ bé đến giờ bây giờ mới gặp trường hợp này .
Ý nó là khán giả phải mang ơn nó
2 thằng rẻ rách
Mr Đàm said:”Moá nó. Chương trình của mình tự nhiên nó lên khóc tỉnh bơ. Chiếm hết sportlight của t cmnr”
Thành đã phải chịu để Đàm thông ass lên ấm ức
Là một danh hài có tiếng mà nói những lời bạc bẽo đó chị  thiết nghĩ Trấn Thành E bỏ nghề đi.lúc trước chi rat quý E nhưng từ khi xem nghe những lời E nói..quá ư giả tạo.bao sự yeu mến tan hết.giờ E ko xứng đáng để mọi ng yêu mến nữa.
Tôi ko thích hào quang rực rỡTôi thích sự riêng tư
khổ quá thì thôi đừng có làm
Sao tay gạt nc mắt mà dẻo và chuyên nghiệp thế nhỉ
Nhìn A Quang Linh nháy mắt 
Lút ăn chặn ăn dựt thù đéo chịu khóc
"Khóc cho ông cha ta nằm xuống vì bảo vệ đất nước , chứ ba loại này thì ko bàn. Khóc quài"
"Quý zị, đời nhân viên văn phòng nó nó nó nó khó nuốt hơn quý zị nghĩ nhiều. Nếu ai cảm thấy thích ngồi điều hòa, thích ngồi bàn giấy, cứ mời lên đây. Để, để nếm 4 chữ nhân viên văn phòng. Nếm nó đi, và biết, nó là cái gì."
Khóc riết... chắc tổ nước mắt thấy khó ưa nên lần này tổ  quật cho nhục luôn! . Hớ ra là khóc như bị áp bức bóc lột  dữ thần hà! Làm riết... thấy khó ưa!
Em lu bị hả để nước mắt đó khóc cho cha mẹ đi đừng hở một chút là khóc không đáng đâu bạn
QL bảo mày khóc làm tao max ỉa
Tao chưa thấy mày tự tử . thành ơi . mày tự tử là hoa qoang rực rỡ
Vergil đâm stinger liên tục vào đít a TT thì lại hay quá 
Gớm quá thành ơi
"Tôi với anh doi, anh doi kg tôi dang làm phụ hồ ca ngày co gang duoc 300k"
Như đặc cầu 
Sao ghép evil my cry vào chi vậy trời
Quang Linh dag cười trong bụng... tới tới nữa r haz
Nhìn thằng ml này lúc nào cũng câng câng thách thức khán giả. Nhìn cái điệu lau nước mắt đã thấy điệu chảy nc đái r
Quang linh dung kế bên sao không dam  cho nó một phát
Giả tạo Trấn Thành
Trấn Thành đang diễn hài
"Phong sát và đi đôi cấm sóng ""Ông hoàng khởi chuyện"" mà thím Đờm mới phong cho Trấn xìn."
"-""hào quang rực rỡ "" dịch ""Nước đái chảy ngược"""
Bố khỉ  nhiều nước thế
Ah sit
Ăn nói như loz
Trấn thành là con chó
  · Giống rạp xiếc xóm t quá bây 
Z thử nêm 4 chữ đời cong nhan coi..
Càng ngày càng lố bịch!
Đít mẹ thằng cho de
Quang linh nhịn cười
Cái đoạn tặc lưỡi là thấy ghét vãi
Thành than thở 
Thằng ngáo
"Thằng này nếu khóc cà hít, cà hít trong mùa dịch covid_19 bà Phương hằng tặng cho nó một bình xi_ô là xong ngay"
QL đứng xem diễn kịch
"Rặn nước mắt hơi chậm so với mấy lần trước nhe ông, lần sao nhanh hơn chút"
nuoc mat ca sau va nu hon tu than
Quang Linh đứng hình không biết việc gì đang xảy Ra...
Khóc cc
Nói không phải chê hài vẫn hoàn hài
"mấy ông nghệ sĩ ngày nay làm trò lố bịch vl ,nhìn thấy ghét "
Mõn lợn.
thành kh thích tiền thì gửi sơn tiêu cho nhé
Pha phát ngôn đi vào lòng đất của anh nhờ hiệu ứng âm thanh khán giả vỗ tay như được mùa.
Đúng gia ko khóc loc không kiêu nhu thê thi dk long m.n hon lam vậy đâm gia thành lố quá
Đm thằng hãm lol tt khóc cái cc như thằng đàn bà
Trấn Thành khóc rất trân thành. Khóc tốt lắm
Doi nghe si.ni no no no....dao si thui
Đã được đầu thai làm người sao ăn nói chả có suy nghĩ của 1 con người..giống cái loài gì đâu á
Nhiều khi ăn nói thiếu suy nghĩNghề gì mà không vất vảHào quang hiểu sao cho đúng đừng nhầm và tưởng
Nó làm như cái hào quang  của nó để cống hiến cho đất nước cho nhân dân vậy.
thế thì chịu rồi
Nhìn mặt chú Quang Linh giống kiểu thằng này diễn hề ít thôi. Tao không nhịn cười nổi bây giờ
May đi ia đi con hoc lam vào
  thích hào quang ko em
Thằng hề trong làng hài
"Vậy là mày cũng thích tiền, thích hào quang và câu nói ấy đụng chạm k ít anh em nghệ sĩ"
Cảm xúc không kèm chế được Tội nghiệp thằng em
nhìn mệt v
Khổ lắm
Nhìn ko có cảm tình từ cách diễn tính cách
Cải thần này nó ăn thử j mà nó lên sóng nói tầm bậy không vậy
Ông quang linh đứng cạnh đang nghỉ ụ má vì có đông người k thì tao đạp phát bay khỏi sân khấu...
trong giả tạo vl
Không còn kịp nữa
"Người đàn ông ít đái nhất thế giới, vì nước thải đã được đưa ra từ mắt!"
Lời thách đố khán giả khi mình đã đạt được!
Trấn thành cố thủ
Úc ật khóc lóc
"Ăn chưa đủ, ấm ức"
Thằng hãm (!).
Than nay vo duyen
Thằng này khùng rồi
tui thấy a quang linh nhìn thằng thành mà tui mắc cười á..ổng cũng cười vô mặt nó đó.
Giỏi quá hóa rồ
Khịa gì lắm thếBiết t vui lắm k 
Má cái mặc khóc cũng khó ưa
Khổn như may ai cũng thèm khổ
Đúng là dân tấu hài mà sao bàng quang mà thông với tuyến lệ được ta
"Chán thật sự , kiểu nói chuyện miệng sếch và cái đầu lắc , ko thằng nào  tốt đẹp"
Bien hòa đang chờ
Ủng hộ trấn thành nha cả nhà
Gióng như nó bị người ta bốc lột hay oan ức lắm .nó nghiến răng .thang khóc như xuống địa ngục ..cảm thấy ko đc thì nghĩ đi ai bắt nó làm .táo bón gạp nó cái thông luôn
Mẹ nhìn hắn khóc nước đái mình tuân theo.
Vẫn ko hay = clip lồng tiếng 
buồn ỉa vc
Bà mẹ nó cái thằng mất dạy tây chay nó đi
"Mít ướt, là đàn ông không ai hở xíu là khóc nhè"
"Làm như quan trọng quá,sao không nghe bọn bay nói ngoài xã hội có nhiều người khổ quá,mình quá dư nên chia sớt cho họ,chỉ biết ca ngợi và làm giàu cho bản thân"
Ai có ngề gì cực cực dắt nó về làm chung cho nó  biết chứ hở ra cái khóc làm khỉ gì mà cực khổ đâu mà khóc
Tôi phải bái phục và sưng cho em làm Vua hề đất sai thành .
bố m cười =))))₫
Các em thông minh lắm bi a rất khéo
TU BIỂN TU DIỄN RỒI LẠI NÓI VẬY CHỐT VỚT
Thấy nó rặn nó hước muốn mệt
Nhìn mặt MC ổng cười thằng thánh khóc mắc cười ghê 
Nếm con cặc của đàm đi thành ạ
Bác trọng bải dồi cứ nghỉ đi a tưởng o có ai thay a đầy người thay vn còn nhiều nhân tài nắm động cái là khóc mình đừng làm điều o đúng đi xem có ai nói mình o
Điên
Hãy cố gắng sống để làm người nhà cu.!!!
Thằng lon
Diển Lố
Tuyến lệ thông với bàng quang hay sao mà lắm nước mắt thế nhỉ?
Danh hài mừ
ác
Sao côi đi côi lại nhìn thấy làm như họ đã sắp xếp để diễn sao ta khi nói song họ khóc òi nhìn ánh mắt họ thấy sao sao chứ ko phải cảm xút thật sự ta
Cức sắp phọt ra quần.
Trấn thành hết duyên với nghề rồi
Thằng hề khóc
Hốc đẫy mồm rồi còn vờ vịt cái gì
Thang sao cho
Khong ho  danh  m.c vadien vien hai that hai
Khứa MC cười kìa 
Nhìn đểu dã mang hè .
trông anh giống đi phục vụ không công quá mà ấm ức ghê vậy ạ
Cứ phải xem xiếc 
Khóc cc..nhờ cái nghề này mà mi mới có tiền nuôi con hari còn ko thì còn lâu nó mới ưng mầy..dối vc
Thằng khùng để dành nước sau này khóc đi ông
Hài vãi làm lố
Diễn xuất như củ hạch vậy em
khóc như một đứa lên 3 thấy thiếu mẹ.  đúng là nghệ sĩ thì vai gì cũng có thể diễn được
Chẳng giống ai chắc ông kễnh mới làm ít đồ song .ngáo nặng.
Thằng hề đúng nghĩa
Lau nc mắt nghệ thật sự đấy ạ đúng là có kinh nghiệm khóc thâm niên
Phải ghép đoạn lù lên sàn đấu giá có Thiên Long Nhân đấy mới hợp. 
Dkm cái thằng bệnh 
Thực tế ra thì ko có sức khỏe.ốm.ko có sự nghiệp.hèn.ko có tiền.nghèo.ko có tình yêu mất hạnh phúc.ko cười đời mất vui..còn ko có trấn thành cũng ko sao..thế hệ trước họ có trấn thành đâu mà họ vẫn đưa đất nước đi lên......
Phát biểu kiểu ngu như trâu mà còn ấm ức . Ngon kiếm đc nhiều tiền như tui đi rồi khóc rồi bị chửi đc như tui 
Rac ruoi
Diễn cãnh khóc mà mắc cười ghê. Đúng diễn viên hài mà 
Nhìn giả tạo vô cùng ỏe
"Khổ quá mà năm thu nhập cả chục tỷ xài đâu hết,sao mấy doanh nghiệp mướn nó quảng cáo chi ta cho nó đi diễn hài bán vé được rồi."
"Đoạn oh shit,here we go again hài vãi"
Tư nhiên nấc lên như chó ăn phải bả vậy ông Thái giám Ba D
Thấy Giả tạo thậtĐúng là nước mắt của diễn viên
mần ơn đi
Méo có thằng nào lau nước mắt kiểu đó cả
Luôn ngưỡng mộ Trấn Thành...
đúng là 1 nghệ sĩ hài 
"Khổ anh Quang Linh,khi đứng chước chàng hề,ko dám hùa Theo chỉ biết cười trừ."
Thằng trắng thành đi khóc đám ma được
"Địt mẹ, nghệ với chả sĩ. Diễn hay thiệt"
Cười iatumlum luôn :)))
Nói xong mà có đc mấy ng vỗ tay khích lệ thôi là biết r á 
Thế thì về quê tao lếm 4 chữ.chân lấm tay bùn.đi
Không biết thằng thành xem được xong có thấy xấu hổ không 
 Hào quang leu leu 
"Làm quá, diễn lố"
Lố bịch và nhố nhăng!!!
Đkm con lợn giống người là thằng trấn thành..
"Luận Tam QuốcNăm đó thiên hạ đại loạn, nổi lên một vị Lưu sứ quân đi đến đâu khóc đến đó. Thiên hạ hay gọi y là ""Lệ Đế"".… "
Nói chuyện nhếch mép đầu lắc như cổ rắn thì tốt đẹp zi!
Anh ấy cần 1 không gian riêng tư để nếm hào quang rực rỡ và anh ấy đã khóc
Ko hiểu sao mọi người vẩn xem nó biểu diển
Dien tai that Dung la dien vien hai dam vinh vit mot thang bang moi cach cuop dot hao hoang mot thang dien lam xuc tac re thiet kkk
Cho mình xin tên bài hát 0:38
đàm daddy
Hồi xưa idol  .bh gặp phát ớn
Chú Quang linh mặt nhìn đểu thế
Sao tui thấy ông kế bên muốn cười cười vậy mấy bạn.trong khi ông thủ thành khóc như sắp từ trần vậy
Khóc như thằng hâm
diễn viên mà
 đã nếm được hào quangTHANHXUANBEAUTY.COMTrang chủ - THANH XUÂN BEAUTY
"Thánh khóc như thật, sợ quá"
Ngu còn tỏ ra nguy hiểm
Chị Hằng đã xem 
Mỗi  khi   xem là  đi  tolet  k có  từ  thiện  m có  tiền  làm  phim
Thằng bợm !
chọn nghề rồi kêu khổ. Ai ép đâu
Bệnh nặng thật...
Mẹ biết mẹ buồn đó.
Vãi cứ.t với 2 thằng này
Hú hú..vỗ tay lia lịa dứ kia mới ảo chứ
  · doanh nhân họ làm giàu nhưng tạo ra viêc làm cho nhiều ng ..còn các bạn nghe si chỉ thu tiền từ dân mà giàu..nên nhớ điều này...đừng diễn và khóc nhiều khổ
dm di' ac' =))
Huong ung phong trao k h o c ...
Khóc hay như Hát luôn trời 
Roi lam phim sau nay de gd  xem cho rieg tu...
Diẽn quá ok
Ai ép mà khóc tức tưởi vậy má
nhìn mặt của chú Quang Linh đúng kiểu (nữa đó coi nó diễn nữa kìa) :))
Mr đờm và Mr Cry à =))
Đang diễn hài mà ae nói quá lên vậy
Người của công chúng mà nói một câu rất ngu
"nhìn biểu cảm của anh Quang Linh có vẻ như hiểu chuyện gì chuẩn bị tới,nhưng đoạn diễn này ko có khúc uống viên thuốc nhỉ!"
nhìn diễn viên nước ngoài họ nổi tiếng khăp thế giới họ còn giản dị khiêm tốn.đây mới có ti ơ một đât nước nghành giải trí phim ảnh lạc hậu ko có gì nổi trội .lại tỏ ra mình là số 1
"  · Tôi nếm rồi , toàn mùi tiền "
Điên mẹ mi rồi
Nhìn cái mặt nó cả tuần nay trên máy đt bức ứa gan.ưng đôi luôn cái máy.
Hmu hmu
ngại dùm
"Hào quang dực đơ và tiền bạc, để taooooo, để taooo"
 anh ấy lại khóc rồi 
Bố thằng ngáo!
Đcm thằng ml
Nếu cảm thấy khó nuốt quá thì đổi nghề cho mâý anh võ sĩHay máy anh MMA gì đó cho dễ nuốtCũng dễ khóc hơn
"Hưng hun , thành lệ "
Ai khiến ông nếm
This.deo..chi..cach.kiem.tien..MA.. Phai..len..do..khoc.loc..nho..Thang..long.. thanh
  · Thảo nào tao thấy miệng nó méo. 
Quá đỉnh trong mọi kịch bản
Cái đị t mẹ mày bme mày chết m đã khóc đc nt chưa
"Nhìn tên Trấn Thành khóc tự nhiên tau  ""nổi da gà."" "
Nước mắt cá sấu
Thằng mõm thành
thằng hề nó diễn .các doanh hai bên bô môn cải lương người ta rất tài người ta đâu có chảnh như thằng hề này
diễn lo rồi trấn thành oi
Lon xam
"càng nói càng ngu , ngại dùm "
"""Để nếm 4 chữ hào quang rực rỡ,  thử nếm nó  đi  để  biết  nó  là  cái  gì ""nó  là ,đô la, tiền,  nhà,  siêu xe,  đồng  hồ  xịn,  nước  hoa  của pháp..................... phải không  a TT"
Cút đi đừng có hài lộ liểu quá rẻ tiền o đáng 1 xu
Tao thấy tụi bây tao oải
Chán và ngán ngẫm mấy thằng giả tạo này quá..ráng mà bỏ tiền xem và hâm mộ tụi nó nhiều chút.
tay chay bon nay .ua mat
"Ủa sao cái mỏ của nó méo vậy, thấy ớn quá"
Hết khôn dồn đến dại
tiền 1 show đớp cả trăm cả tỷ thì chẳng thấy than kêu mỏi tay /z
Đài truyen hinh vinh lomg cho nó len sóng lai chua moi nguoi
Nem mui tiền tỷ đó mà..!
Nước mắt cá sấu
Không thích nếm Hào Quang thì xuống đi cho ng khác lên..... 
Từ lúc lũ lụt đm nhìn bọn này sao nó chối thế
dí vl
T cần sự riêng tư nhé ad
Ơn cái gì mày
Mày diễn sâu quá trấn thành...
2 con ngáo đá là có thật
 shinkai makoto đạo diễn phim này hả :))
Dell đâu cũng khóc được =)) thật là hào quang
Mô phật để người ta sống
Mở miệng Nói ra mà ko bt xấu hổ
Trấn Thành không thích tiền nhưng ông ôm tiền cứu trợ đồng bào thôi.
thấy nét khóc của nó thấy dã tạo ko...
Ném 2 chữ con người xem nào
gặp huấn nó dậy cho ;))))
Bớt DIỄN lại đi k ai nghe lọt tai đâu nhóc
Tay chai no me di
Xin lỗi vì đây là lần duy nhất người ta khóc tôi lại buồn cười :(((((
Cún khát sữa mẹ.
Thằng ml 
Khan gia gan xa nghe thang nay phat bieu   chac ban het lua giong  trong va ngoai nuoc da tiem du 4 den 5 lieu ok
Nó khóc như bị mất chó để bọn fan mu muội thương xót mua vé xem phim cho ..đờm
Nghe si khoc k
"Khản giả người dưới bị ngáo hay cố bợ đít mà vỗ tay thế cười ẻ , mà cái trương trình này cũng có máy người bỏ tiền mua vé đi xem cho được cười ẻ"
Thang sao lon
Sàm l quá m ơi...toàn giả dối
Sau đó Vergil đã bị Đàm đét đì nhấp lên liên tọi à
Nghe 4 chữ HQRR nghe muốn ị...
Người trong đó mê kiểu giả bộ này nhỉ =))
" nhìn mặt ca sĩ Quang Linh kế bên kỉu, rầu dính hình tao luôn. Đeen thiệt "
Lố quá
Lổ mũi bự vầy a thành..
Lệ tổ và Đàm Daddy xây lâu dài tình ái à..
Thang cho
đung la siêu nhân
Khóc lóc ghê thật
Sao lúc nầy em khóc hoài dậy tt
Zj mà cũng vỗ tay được.hay thiệt
khóc lòi sụn
Khổ  quá nghỉ đi em
  · Dân Gốc Hoa chẳng hề đơn giản đâu :))))Cho sang Rusian :))
Tổ cha
Chỉ là hình thức thôi
"Nhìn cái bộ mặt, thật không có chỗ nào kham nổi"
Đúng là thằng này sinh ra là để làm trò cười cho thiên hạ
Tát hại của ma túy đá kinh thật
A linh muốn nói gì kìa haaaaaa
dm thang Dien   nhin  ngua mat
Dí tới chết luôn :))
Ia dô mat may luon
Thlol này hở ra là khóc
Dm gia tao
Anh Quang Linh muốn cười lắm nhưng ngại hahaa
Diễn sâu quá
Hoàng Vũ lên nếm 4 chữ hào quang gực gỡ :))
Má dã dối khó ưa
Đến Quang Linh cũng ếu nhịn đc...
Ngày vui thành ngày đổ lệ 
Sao mà ác dới chú teo quá dị!!!!!
xam thiệt chứ vậy mà người nôi tiếng
"Trấn Thành diễn lố quá, khóc mà hơi thở như căm thù ai vậy hay cậu muốn trút lên đầu khán giả."
Con đuỹ bóng lộ.  :))))
Thằng hề
VẬY ĐẶT CHỨ HÀO QUANG RỰC RỠ LẮM GÌ A ĐỪ
Đ cu tk lonz viêm tuyến bàng quang à nhầm tuyến lệ trấn thành
Đừng diễn kịch nữa em ơi.hãy hát đi em.
Xe xịn hột xoàn biệt thựất con ngCó phải mày nhờ nó má có ko.nếu bản chất con người mày đàng hoàng.thì mày đâu cần đứng để giải thích.dả dối dốc...
Sơ hở là khóc
Thằng Trấn Thành diễn sâu quá...
Hào quang rực rỡ nmà good ending   
￼ Đóng kịch rất giỏi￼
Những dòng  nước  tiểu  của  ngựa  .
mé thâm kìa 
Bôi bác thật
Thành với dv hung  bà Phương Hằng nói đc thôi làm trò cười
Nước mắt ra làm trò đùa hả
Kkkk nhìn anh Quang Linh anh phải nhịnh cười luôn kkkkk
 hào quang rực rỡ
Thằng hề
Dạo này t hơi bị trầm cảm đó nha đừng có chọc cười t
Khổ thân chưa 
thế mà vẫn khóc đuợc tai thật
Diễn thôi mà cũng không thành
Hay quá 
đó là ăn xung mặc sướng.hơn hàng triệu người dân ngèo tại viêt nam
Ủa sao nó khóc mà mọi người cười vậy :))
Mắc ẻ
"Siml chúa ""))"
thua luon
em cung sap khoc roi
Quang Linh có vẻ ko vui
Thương quá nhìn nó khóc mà cũng buồn tè luôn
Chong mặt thằng này là muốn đạp rồi
Thằng xạo tẩy chai nó cho nó hết khóc làm lố quá
mắc ẻ hết sức
Thằng này khản giả nuôi nó giờ nó để lại cho khản giả những lời thiếu học thức vậy đó.
Nhìn nó chối mà buồn ỉ.a.
Lố lăng
Vẫn đứng trên sân khấu là vẫn diễn quá nhập tâm 
Nếm nó đi rồi biết tiền cứu trợ miền trung nhiều đến cỡ nào
ức dữ hen
Ò sít hiar wi gâu ơ gên
dí ác=))))
Sao tao cứ ghét ai là người đó bị phốt vậy ta
"Chó cry mới đúng, haha"
Thằng rồ
To xác nhưng tâm hồn bông lúa hả 
Mấy diễn tối quá ...
Chú Linh gồng dữ ghê :))))) tí thì cười ẻ
  · đm lau nước mắt mà cũng ra dáng vô sinh rồi
Chât thanhvua la mau
  · Cảm ơn a. Koi xong hết bón luôn
Thằng c.ứt gà
Đang lướt Facebook thấy thằng này khóc tự nhiên mắc ỉa
bik con căk ák tkành .
"Quá chân thực, edit quá có tâm, mong là k bị ăn 7tr5 và bị mời lên phường"
Vô văn hóa
Miệng lưỡi cộng đồng ghê thật
Nghe si hài
Giống máy nhóc bị đánh về mét mẹ khóc quá khóc 
"Được ban tặng hào quang, hay muốn nếm là có thể nếm được bất cứ khi nào, ? Mà không vui đón nhận nó với khán giả, mà lại mời khán giả nếm vị khó nuốt là sao. ...."
Móc ngay vào đít
Còn thiếu thằng Hoài Linh nữa bo ba pha nat nền văn hóa của phía nam hay tay chay ngay và luôn dừng de chúng long hành nữa hồi nay no lai bat dầu
Nhin hl
Nếm shit á..
Dặn ra để khóc thì kinh rồi =)))
Tôi vẫn nếm canh nếm cá mà tôi có khóc đâu
VN ta có 1 vị vua mang tên DVH thật rồi sao..
 chúc cậu ngủ nhon 
Chắc trấn Thành nó k xài smartphone đâu hễ. Chắc mặt nó cũng như tấm đanh ấy nhỉ. Vxl
Thần kinh
Nếm vào thấy ngay 14 tỏi
Khó ông noi mày. Vậy đừng làm.
Đuổi đầu nó ra
Trấn xạo LồN
"Như rặn i.a vậy , diễn quá diễn vậy cry"
"Bố cái thằng,nhìn trông ngứa zái thật "
Văn hoá nghệ thuật vn nghe nói tài ba lổi lạc mà được nhiều ng gọi thần tượng là đây đây .rồi ngày mai sẻ ra sao nữa ko chừng
Bớt xl lại hây hơn..
"Tránh, tránh ra để tau lên nhận tiền và hào quang nào"
Lố quá
A di phò phò
nhìn ngứa mắt thật
 lên nhận hào quang đi 
Nuoc mat chi dung khi .khoc cha me mat chu khong khoc vy chua sao ke tu thien  .dau chan thanh???
diễn sâu quá
"giải trí rẻ tiền, ko có giá trị cho nền VH nước nhà"
nghĩ mở đt lúc nào cũng thấy nó khóc bực mình thật
Sao thằng này xuất hiện nâu vãi l
Giải nghệ  đi  bạn ơi
Con ca sau kia
Khóc là nghề của anh rồi
Nước ....m. ca sâu
Các bạn cũng chỉ nghĩ làm thế nào để người dân phải Móc túi tiền ra(cũng giống như xem ảo thuật cho vui thôi
Đúng là ko có chó bắt mèo ăn cứtKhổ thân vì nó bị viêm xoang mũi nặng ko có tiền chữa trị nên bi mãn tính oy
Đây có lẽ là câu slogan ăn khách nhất 2023.
Đang đong phim gì vậy
khi lũ chó đi thi diễn
Diễn hay ghê bây
Làm gì mà phải  khóc.  Làm  có  tiền mà
"Có ai bắt buộc mình đâu cơ chứ ,"
Cái thằng điên
Giống mấy tg ngáo vl
Hơi ố zề
"đàm nói nhẹ vào tai của thành: ko sao đâu em về bên anh,anh xây lâu đài tình ái anh với em ở "
"Khi bạn ảo tưởng cái tính hay rơi nước mắt của mình và cái kết nghe thật mắc ẻ, khóc mà như rặn táo bón"
 hào wang gực gỡ
Hao quan that am uc.kinh khung lam sao
Cơm ko ăn an cut
Đúng là thằng hề
Khóc vì trả tiền ít quá sau mà đủ tiền mua dầu thơm và ăn uống nhà hàng chưa tính là đi chơi xa
hở là khóc
Nhìn cái mặt vãi cả ỉa luôn
Mat day
Nghe mấy cđ hay nói chiện dạy đời
Éo gì đàn ông khóc shujt shit vậy chú??.
Thấy ôm nhau như vậy ban tối anh Hưngcó đến gặp Thành với chai dâu ăn không vậy?  
Thớ lợ thật!
dí áccc :))))
ngứa cả đít
"1 thg sơ hở chút là khóc, 1 thg sơ hở là hun"
Điệu quá
Thành sướt mướt
Phong sát nó đi xem nếm như nào ....
Cứ Đăng thằng nay lên nhiu nhìn ngứa cả cái đầu buồi tao
Thôi thôi diễn vậy đũ rồi
Nhìn mà ngán
Nói thách đố nhau
Nhìn mặt thôi ghét vkl
Cụt đi còn kịp
Đểu nhất là Quang Linh ! Suýt phì cười mà phải cố gắng giữ nên cái bản mặt khó tả !
Quang linh đang cố gắng nhịn cười.. 
Nhìn thằng này la tự nhiên thấy ghét
Mua tơi rồi đó
Tôm ma lai ca 
nó đã lắm à nha
Lên nói làm he cho xã hội
Cái lờ
Hài 3 xu
Vừa khóc là chú Quang Linh cười :))))
má thằng này chưa tới mùa lũ lục nó khóc nè mọi người
Đổ nãn
Tran thanh mà cáo lam
May nen chết đi cho nganh điên anh tốt hơn
nhìn mà tội quang linh. Cười tí nữa là không kịp bị miệng
Tao them 4chu do ghe May co ma khoc j thank he kia
Vcl thằng Đàm sơ hở là nó hun
Nghiệp tới cho may trời đó Thành ơi
Chị Hằng đi vắng là ở nhà làm loạn liền
Xl số 2 thì ko ai dám số 1 luôn 
Giả tạo quá a ơi
"Cho tôi viên gạch để tôi ném đi cái hào quang rực rỡ của thằng hề,.  Nhìn mà ngứa"
  · Lại nữa
Thằng lol ni giờ nổi hơn cồn nữa
Ăn nói “ ngo như bù” . Tẩy chay!
The lỏ ri
Khừng khực
Mặt dày
Nhìn thấy anh quan linh đứng kế bên mà thấy anh ngượng giùm đúng là nhục thật
Làm trò
Diễn sâu quá
Thằng này khóc 1 lúc đủ thau nước để rửa đít nhỉ
Nếm mả cha nhà mi. Mi phịa vừa thôi.
Rút lui vẫn còn kịp chú đừng kể lễ nữa
Tui nam nay 42tuổi chưa từng thấy thần nào khóc mà vẽ măt đáng gét đến vây..
Đàn bà
"chuẩn bị tinh thần đi các em ơi! sắp có lệnh đi nhập,,, nhập kho rồi!"
thang khuon dvh di roi chung nao toi thang khoc muon tran thanhkhuon chung nao di didi nay oi
Hôm nay cười đủ r đấy huhahahu
 hào quang rực rỡ
Có ai b làm sao mà thằng này khóc vậy Thông lão giúp tui
Nước mắt đồng tiền
Lên nhận giải và  tiền
Nó là cc
Thang than kinh
Chó chét me mi
Nó là 475 tỷ của nhà bà nữ nha thành râu râu râu
1 thằng đung cái là khóc.thang sở hở là hôn..nhìn thấy mắc mệt 
Mat ia qua
Tối nay e lén hari qua nhà a lên phòng a xíu nhe.
Nhin mat thang lon nay thay ghet
khóc mà củng rặng giữ !
  · Nước mắt thằng hề
"Thươn anh lắm, bảo a bỏ nghề đi mà a cứ hongggg nghee cơ =,="
Danh hài 
Diên sâu quá đâm ra quá lố bịch
bắt ngáo
Sàm xí đú
Thằng hề
Kiu lau nước mắt la thấy hào Quang zòi kkkkkkkkkkkk
Thương chú Linh  chắc mắc cười lắm mà kiềm lại
Xem lại sao nó hèn thế ko biết
Thằng trấn Thành cái gì cũng biết có cái không biết dị
Trấn lệ
Giả dối vãi ra
Im mẹ mồm đi
  · Lũ hề
"Gồng mới khóc, dã tạo"
Một hợp đồng bằng người làm trong cả năm ..... mỗi người mỗi nghề và nghề nào cũng có khó nhọc mới đến quang... khóc lóc cc
Móa nhìn cái mặt ngông dễ sợ.
Lệ tổ
Bệnh quá.
Mẻ mới tiêm căng bóng da mặt nên tranh thủ khóc quảng cáo hay sao á.
QL nhìn ngơ ngác
"Không muốn nhìn mặt TT mà trang nào cũng đăng, chán"
Dm thằng điên.
 hào quang  rực rỡ hớ hớ
Nó là cục cứt
"Rất cười , tôi đã hài"
Thằng mặt lol
Nhuc qua cu oi
"Nhìn cái mặt Trấn Thành khóc, đúng là TT đang diễn hài."
 nghe mà mắc ỉa
Nam mô a di phật để người ta sống
Thằng này đóng hài mà
Khóc khóc xao xao thấy ghét
Dm bố nhà ông
mệt vc
khoc cc tien cả dong ma khoc vai 
:))phải t t cx lên nếm thử mùi tiền vs hào quang thử
Má nó .. có phải tô bánh canh đâu mà nếm
Ô quang linh dây vào chúng nó làm gì rồi lạ mất hết
Thôi ông cút cm ông đi ngứa hết cả mắt!!!
Má tau ẻ vô méng mày
  · oh shjt here we go again =]]
Lố vcl mà mấy đứa ở dưới cũng vỗ tay
bố th dở
Sao tao chẳng thằng này vậy
Địt m măy sao mầy khóc
Nhìn cái cánh cười nhếch mép là thấy đểu giả r
Sao anh hay khók quá hà
Nguyên 1 lũ 
Xạo quá..!
Toàn thằng tí con tèo . Diễn ba cái chò con mèo 
3 đời giả tạo
Nghe si no no no xam rat xam
Hjhj. Mắc ọe.
Hề
Tuyến lệ thằng này bị tổn thương nghiêm trọng cm rồi.
Xộn lào lào...
Ah shit =)))
Ko phẩm chất
 công an ngầm like cả interpool thế này
Em ấy có vẻ rất ấm ức mà ko biết tại sao???
Khi mua vé làm căng đến giờ thang van khóc lóc
Bảo nghỉ lại kêu e vẫn còn đam mê vs nghề!
khổ nhỉ
Thằng nói xòm
lố vcl
khóc đcm mày ? ngứa dái bố
Moa gia tao
"Có làm có chịu khóc lóc gì em ơi,việc nào cũng vất vã hết ,đắng, cay ,ngọt , bùi hết nha"
Thưa Mr.riêng tư tôi muốn lên nếm thử ạ
Nhìn cái mặt thấy ớn
Diễn Sâu -10 uy tín. Cơ mà áo đẹp đấy.
Lố quá không hiểu sao con haliwon nó lại  Lấy phải thắng pe de này
càng ngày càng xam l tt à.
Mấy thằng đàn bà
  · Rực rỡ quá
 t dg xem cjztr=)))
Nổi da gà
TT diễn hay mọi lúc mọi nơi. Khóc mà cũng đẹp..huhu (Hài)
Nước mắt cá sấu
bộ mọi người kêu mày đứng lên hào quang à
Làm trò dữ mấy chú
củm đọng 
Tởm lợm
Hahhaa đmm chó thành hahahahahah
Tháng.mat.day
vay ve vuon dc roi do em .khoc loc than van nge mac ia. toan la cai do suc ................
DCM thằng này nhìn ngứa hết cả người chứ ko phải mỗi mắt .
Như thằng dở hơi
Dien chưa xuất sắt.
Đua mot thang hề lên diẽn k đúng chỗ
Nhừng em đi con
t thấy bth có gì đâu ta =))
"Ghét thì tẩy chay,phong sát nó đi... nói chi hoài... mệt..."
Đg nói đồ lên quá khóc lun .vài chỗ cậu bé bá dơ
Xàm cức
 cười vãi l
Nhìn mặt nó rặn khóc mà mắc ẻ
 hề vl
@ljnh phjeu 94:ghét nhất cái cổ nó lắc như khiêu khích cmn
Ai ma coi tui nay
Mệt mỏi thiệt chứ
mấy này nhay dữ qui=))
 khoc lun;)
TƯỞNG THẾ GIỚI CÓ 1 CON MẮT
Đúng thằng xạo lol...làm hok đc nghỉ mọe đi mầy ơi....tẩy chai lun cho ròi
Sao nó lại phát ngôn ngông cuồng thế nhỉ?
mồm thì méo.khóc chông dm nhìn hãm thế 
Lố bịch
Ngáo ngơ
nếu anh có lòng thì lượn xuống để em lên :)))
MC kiểu: xạo lz dừa thôi con  
Tật vãi
Lệ tổ
Cm nó
Má nhìn không ưa
nhìn chú Quang Linh cháu không nhịn được cười ạ 
Nhìn em anh bựa quá thành ơi
má =)))))))))))))))))))
  · Ok tôi nếm cho ông về cày giúp tôi mấy xào ruộng để biết nó là cái gì
Thăg Cho
Ê đừng khóc nữa để kao ẻ xong rồi mầy khóc tiếp nhe hông
Mặt lờ
Tởm lợm
Camg ngày cang gét con đi này
Giờ nhìn mặt là thấy chán rồi coi cái gì nữa 
Đoạn lau nc măt nhìn trông...
Thang cc.thang db
Kingg
M làm  cc j cho  đời  . Mà  hao  quan  . Hào quan  leo  cái  ..
  · Nó ngoáy cổ như rắn độc thoát kẹp
Con lợn éc
Cái mả bà mày
Thành thút thít :)))
A cry đừng nói như vậy vì những lần a nói e đều rất buồn cười 
Cồng kềnh
 Tuyến lệ ko phanh - Trấn Thành lệ tổ :))
Khó zá thì ngỉ chi mà ap luật tội zay.dau ai ep a làm đâu
Sao lon 
Thằng chết tiệt
 vừa xem vừa nín thở mệt hộ
Tại sao cùng một bài đăng mà có người thả mặt buồn lại có người thả haha vậy
Nuốt nhiều mà to nữa nên khó nuốt là phải rồi...nhai chậm chậm tí...kkkk
Hợm .lố
Thằng hề
rặn mãi mới ra
 đang vui cái khóc ngang v mẹ hh
Cộng đồng nhìn xem bộ mặt trấn thành có lố bịch trơ trẻn không quá sến quá dã dối
"Moi người chi minh cách luot fb ma k con gặp bọn ca sĩ, nghệ sĩ k"
Thế thì nghỉ đi ai ép làm đâu 
Thằng hề cũng mau nước mắt nhỉ
Cộng đồng mạng xã hội ơi đây có phải là thằng trấn thành ko mọi người
Mắc cừi
khóc ít thôi
"Nếm hết đi, của chúng mày tất "
nó là cái loz 
Moá mấy thằng sàm lolo
đúng là tuyến lệ cấm vào bàng quang
Chắc tiuyeesn lệ nối thẳng tới bàng quang rồi
Nó chờ ngày ủ tờ thôi
Dữ vậy sao ?
Quang Linh kiểu: đó đó thằng Hài và thằng Đàm hén chuẩn bị rồi... :)) chắc có lẽ đối với a nó quá quen thuộc.
 để nếm trãi 4 từ hào quang rực rỡ
Nhìn mặc quen quen
Giờ t mà có ts trăm tỷ như nó có bị chửi như chó t cũng chịu cơ
Nó là bãi shit ak mày nếm nó đi
Mắc mợt đít ..
"đờm : hay lắm em  , tối nay có thưởng "
 t hỏi lần cuối thành phố nào vừa đi đã mỏi
Hơi tí thì khóc nhè
Đúng là thằng vô duyên đạo giả nước mắt
"Đừng cố gượng khóc nữa nhen  em,"
Xấu hơn T Q
Thằng này điên rồi.
Thanh cry
Tức quá mà tiền từ thiện nuốt ko được kkk
Đm thằng trẻ con
Đưa thằng l này vào trại cai nghiện hách dịch
Hơi lố
DM cái thằng hâm
Khóc là nghề
Ko thich thi ngi lam viêc khac lam gi phai khoc
Cung thich dien do nhuung k pai dien nhu the nay dung nhap tam wa
Ủa sao cười vậy?
Khóc cái daubuoi t
Con tó vô sinh lày
Thằng điên nặng
Thằng hề việt nam
Thằng nhảm nhí
Gơm ia tui nay ...
Như trò hề
Là thằng lol
Chống nạnh cho ai ba
Sao cứ đưa  tin mấy thằng này lên hoài . Thấy mà chán
Giống thằng điên
chi ghê rứa mi ơi là mi
Khỏi cần nếm cũng biết nó có mùi nòng nọc khai môn
"thằng l mr đàm chót thời cơ hay thiệt  ,dc hun cái luôn"
Ăn xin trong đời thời 5.0
Nhìn  mặt  thằng  này đeo  khoái  tý  nào
Nhin tran thành gia tao vl
  · Khi mở mạng xem lại cảnh này chắc ông độn thổ luôn á.
Đời nghệ sĩ kêu gọi từ thiện kg được ăn bị bóc phốt nên khó nuốt lắm thành ơi
"Mắc con mẹ gì mà phải khóc, khóc để đánh bóng tên tuổi hả"
"Chương trình như chưa hề có cuộc chia ly, phải ko mọi người!"
Thời đại của tik tok rôi
Về quê cấy lúa nuôi bò cho lành
Một ê kíp thôi nát.
Tấu hài dị
Mày nuốt luôn cũng được chứ nếm cho cho cực vậy
"Chắc chắn lần này là lần khóc cuối cùng, bởi đây là lần khóc có tâm nhất..."
Nhìn mặt riết ht ưa
Cái mẹ gì vậy
Thằng khùng
 nhịn cừ k nổi luôn é chời 
"Đúng chất thèn hề ,"
"Bớt nghe bớt nói có vẻ hay hơn, nói nhiều lại nòi hâm ra"
Ý là  làm hơi quá hào quang rực rở quá .. kkk
Đúng mấy thằng hề ông bà xưa nói không sai
Cuòi ị
Mỗi lần chạy show bao nhiêu tiền sao ko thấy kể khóc lóc cái lìn
Nhìn này giả trân quá
Đm thần mít ước
Saolon ít thôi
Xl
Mặt lo
Dân bác ho cười trai miền Nam mình thành à
thằng đàn bà
K muốn khâu nghiệp nữa
Nếm thử chai nước hoa đi rồi bạn sẽ biết
 rồi đang dui cái khók ngang má
Kiếm tiền khổ lắm chứ đùa
Mấy thằng nầy có giúp ít gì cho xã hội  .
Ẩn hết trang có thằng thành mít ướt này
Sao hông nghỉ đi
 hào quang rực rỡ 
thằng  dở hơi
 cho tôi lênnnnn !
Toi ngiep no tien nhiwu wa tiet la kh co con de huong
Than suc vật
Ăn kêu ối ra ai mà ko ấm ức
Oi con gau gau khoc gia tao that
Trời ơi cừi sặc 
Cười nhếch mép là loại j
Có người hơn mình mà người ta đâu ra đẻ như mình
Càng xem càng bùn ẻ
Khunv
Ở ngoài tao đấm cho vỡ mỏ
"Đm, bao nhiêu thằng chạy xe ôm, nấu rượu, buôn chổi đót nó không khóc như mầy"
Miền Trung sắp tới mùa mưa lũ rồi đó
Lại khóc nhè à
Suốt ngày than vãn khóc nhè
Xàm lìn
ChÓ
Cố rặn tí thì đùn mẹ nó ra quần
Voi mat tao bon may chi la bon vo tich su. an bam xa hoi.
Thag nay sam khi d wa. Cog them thag le suc dum xag lao cot dien nua..
Tụi mày đừng có than khóc không cho không khán giả đêm diễn nào đâu
Thằng chó
"Nếm đi !! Sướng lắm đó, chạy 1 show bằng ng ta làm cả năm trời đó"
"Nói đúng đấy ,phải biết khóc và thích thì khóc mới nếm được"
Cố rặn
Ngứa mắt
Thằng khùng
Mã nó .. Chứ cát xê một lần diễn có rẻ đâu mà bảo ko nếm
Đó là tiền chứ thứ gì
"Động tí là chảy nước mắm cáy thối ra,"
Thôi nín đi…Để anh thơm cái nà……cưng quá… 
"Mới đi pay về mà bắt lên truong trình, biết nói z đây khóc trứoc cái đã"
Sam jữ thiệt wá
Tự tạo áp lực cho mình đấy mà kkkk
De niem 4 chu. An chang.an tron. Dau co de nuoc
Em muốn nếm một chút được hong Dạo này em nghèo bome rồi
nhìn khóc dả tạo vải
E thích tiền quá cho nếm thử hào quang rực rỡ với a Thành khóc.
Mớ  hỗn độn
Đúng là trò hề
Xem thấy mắc cười quá giống như trẻ con mới sinh ra quá..huhu..hihi..
"Hài, hài hước vãi "
Sơ hở là bị Đàm nó thơm ngay
Hen siểu ak
 xem ảnh mãi h mới thấy cái vid
Tao ạ mày thành ơi
Tôi mệt quá
Ui ui chông thương chưa kìa
Đúng đồ  chó dại
Ông tổ nghề khóc đây hả trời !
2 thằng pêđe
Gì đó thành
Ơ ai đã làm gì đâu mà khóc
Vãi cả lol. Nỗi nhục nhã của xã hội.
Nhìn muốn ói
trong và ngoài nước đều biết đến a rồi kkk
Nếm nó đi quý vị .hài vãi cl thiệt 
Má thằng cho này nói mà ngưa điit
C đ n s nó ...nó... nó  đi bốc vác đỡ cực.
"Nhìn nó gồng để khóc thấy cũng tội,ước có cây ak47 bắn cho băng"
Cười ỉa
Ăn rồi báo ăn rồi báo ăn rồi báo.
 m bước lên đó mà m nếm =)))))
Dẹp cái trò thút thít kể lễ nhạt thấch đi.
Người ta lên đc người ta lên rồi nói nhiều mệt
Đứng là thẳng chó
Khóc như chó con say sữa mẹ. Chân thành ạ.
Cho tui cái đá đi mn à chịu hết nổi rồi
" tục quá rồi, nhất là khúc ông Quang Linh"
₫an ông hay khóc nhè
Ai cũng như t thì tụi này khỏi hqrr j hết. 
Có lm mới có ăn. Có phải đi từ thiện đẽo đâu mà khóc với lóc vcl.
A con lươn này . Vừa khóc vừa cười Ăn 10 cục mứt nhé 
Quãi đạn thệc chứ
 chị có muốn nếm 4 chữ hào quang rực rỡ hông chị 
Xao loz
Thuốc độc sẽ tiêm cho tụi em
Mốt nó ra phim tẩy chai đi
Cho mày sang Triều Tiên mà khóc như vậy thì được vỗ tay rần rần !
Ko có lưỡi để nếm luôn chuyến này hâg
Để để ccmn
Nge nó khắm
Đúng thằng ghẻ
Nó như con chó
Toàn là một lũ lo bịt rác rưởi
Nhìn thấy sao sao nhỉ
"Vậy nghỉ đi, đâu ai bắt làm"
Xàm lol
 that’s this? “HÀO QUANG ZỰC ZỞ”
mà nhìn nó nói chân thành lắm...? zỡn đâu...? chắc bi cay cái vụ (anh cần sự riêng tư)...? wa đây kể khổ...? đó mà...? ai zè...?   khổ quá hen...?
  rặn chác ra quần mợ rồi
V~~~  
I am riêng tưuuu
T chỉ muốn đạp phát vào mặt
=))) máaaaa sao buồn cười vậy
Thôi làm điếu thuốc trước 
 cho chúng cháu vs
bố thằng điên
Chỉ tổ người ta chửi cho
Cứt.. OK.
Má 2thg chó
"Có ai băt nếm đâu, dẫn thân vô kêu j"
Người nghệ sĩ gì mà lên sân khấu khóc lóc. Đi làm giám khảo cũng khóc ko hiểu chữ nhục a để ở đâu
e cx muốn nếm thử :>
Nó khổ lắm. Vợ nó bảo mỗi sáng chỉ cho có 5 triệu vào ví nó để nó đi ăn sáng thôi.
Đậu má thằng khùng
Giống chó gào thét
Thôi . Tao lạy mày đấy thành ạ
Xạo lol quá dog ơi
Kho thân người con gái yếu đuối
"Tội quá, khán giả ép trấn thành làm, vậy là lũ khán giả làm khổ a ơi là khổ"
Không thích làm thì nghỉ đi. Có phải ai cũng muốn làm là  được đâu
Sam s i dun
Giở rồi.
Đang diễn thôi có gì đâu
:))))))) khóc hoài mệt lắm
Tao nói dẹp nghĩ giùm cái đi
Về nghỉ đi e
Kiểu : tới nữa rùi
Thấy cái đầu nó lắc lắc như con thằn lằn không
Ố dề
"Phải có mình ở đó, ổng kêu lên là mình  bước lên liền ak!"
Mắc cỡ dùm
 thành cry của em đây
Khóc khóc đi... Khóc.. Huhuhununu
Tao thích tiền đấy nhưng đâu phải cứ lên đấy là có tiền
Tiền xaololl  của anh đây
 ông kế bên think: là khóc đó ha. Khóc dữ chưa kkk
"DV nên khóc giả cười giả chỉ có ai tinh mới biết nha ?Nhàm??,,,"
 nếm đi anh
"Đúng rồi,ai thích thì moi lên sân khấu,có lý lẻ đúng.cũng bị chửi."
 nếm đi 4 chữ hào quang rực rỡ rùi khók
  moắ:)
Ca lỉng chi
khùng bà cô
Làm như là oan quá k bằng. Tuyến lệ kết nối với bàng quang.
Lai tý tàu khựa hay ăn vạ khóc nhè
Ơ sao anh lại Khóc
  · đàm hun môi mới đúng chớ
 :)) vừa nói xong hôm rồi
Nếm mạnh luôn
 nếm chưa?
Thắng tàu lai này lại khóc rồi kìa
Xao llll ma nhìn thấy get
Ko co tt cung co bao nhiêu ng  chi đau co riêng t.  Kêu len.   Do may ong lon de đau coi co het me roi lay đau ra công ly
  · Lúc cẹc nào cũng khóc
"Nghe chú rặn khóc mà con mắc cười quá, chú lên show nào là show ấy ngập lụt"
Được rồi. Cắt!
Đit me thang trân thanh may cut me khoi song truyên hinh đi đao đuc gia tây chay no đi moi nguoi
Ước gì mình cũng dc nếm thử
1.202/2.856
